target,trial,elapsed_sec,sim_time,left_contact,right_contact,left_force_raw,right_force_raw,force_source,force_valid_left,force_valid_right,gripper_left,gripper_right,gripper_gap_mm
high_voltage_probe_kit,1,0.083462,1788190177.825236,0,0,0.000000,0.000000,VIRTUAL_ESTIMATE,0,0,0.000000,0.000002,91.998096
high_voltage_probe_kit,1,0.234654,1788190177.976426,0,0,0.000000,0.000000,VIRTUAL_ESTIMATE,0,0,0.000000,0.000002,91.998072
high_voltage_probe_kit,1,0.385747,1788190178.127519,0,0,0.000000,0.000000,VIRTUAL_ESTIMATE,0,0,-0.000002,0.000002,92.000000
high_voltage_probe_kit,1,0.529151,1788190178.270923,0,0,0.000000,0.000000,VIRTUAL_ESTIMATE,0,0,-0.000002,0.000002,92.000000
high_voltage_probe_kit,1,0.687794,1788190178.429568,0,0,0.000000,0.000000,VIRTUAL_ESTIMATE,0,0,-0.000002,0.000002,92.000000
high_voltage_probe_kit,1,0.830165,1788190178.571941,0,0,0.000000,0.000000,VIRTUAL_ESTIMATE,0,0,-0.000002,0.000002,92.000000
high_voltage_probe_kit,1,0.972612,1788190178.714384,0,0,0.000000,0.000000,VIRTUAL_ESTIMATE,0,0,-0.000002,0.000002,92.000000
high_voltage_probe_kit,1,1.115144,1788190178.856918,0,0,0.000000,0.000000,VIRTUAL_ESTIMATE,0,0,0.000000,0.000002,91.997495
high_voltage_probe_kit,1,1.266815,1788190179.008594,0,0,0.000000,0.000000,VIRTUAL_ESTIMATE,0,0,-0.000003,0.000003,92.000000
high_voltage_probe_kit,1,1.410617,1788190179.152395,0,0,0.000000,0.000000,VIRTUAL_ESTIMATE,0,0,-0.000003,0.000003,92.000000
high_voltage_probe_kit,1,1.558213,1788190179.299990,0,0,0.000000,0.000000,VIRTUAL_ESTIMATE,0,0,0.000000,0.000003,91.996536
high_voltage_probe_kit,1,1.709537,1788190179.451310,0,0,0.000000,0.000000,VIRTUAL_ESTIMATE,0,0,-0.000004,0.000004,92.000000
high_voltage_probe_kit,1,1.850190,1788190179.591967,0,0,0.000000,0.000000,VIRTUAL_ESTIMATE,0,0,-0.000005,0.000005,92.000000
high_voltage_probe_kit,1,1.992658,1788190179.734430,0,0,0.000000,0.000000,VIRTUAL_ESTIMATE,0,0,-0.000005,0.000005,92.000000
high_voltage_probe_kit,1,2.141883,1788190179.883655,0,0,0.000000,0.000000,VIRTUAL_ESTIMATE,0,0,0.000007,-0.000000,91.992763
high_voltage_probe_kit,1,2.309223,1788190180.051000,0,0,0.000000,0.000000,VIRTUAL_ESTIMATE,0,0,0.000010,-0.000010,92.000001
high_voltage_probe_kit,1,2.461993,1788190180.203766,0,0,0.000000,0.000000,VIRTUAL_ESTIMATE,0,0,0.000009,-0.000009,92.000001
high_voltage_probe_kit,1,2.601056,1788190180.342828,0,0,0.000000,0.000000,VIRTUAL_ESTIMATE,0,0,0.000008,-0.000000,91.992091
high_voltage_probe_kit,1,2.753977,1788190180.495753,0,0,0.000000,0.000000,VIRTUAL_ESTIMATE,0,0,0.000007,-0.000000,91.992836
high_voltage_probe_kit,1,2.895377,1788190180.637154,0,0,0.000000,0.000000,VIRTUAL_ESTIMATE,0,0,0.000007,-0.000007,92.000001
high_voltage_probe_kit,1,3.045547,1788190180.787327,0,0,0.000000,0.000000,VIRTUAL_ESTIMATE,0,0,0.000007,-0.000007,92.000001
high_voltage_probe_kit,1,3.188384,1788190180.930160,0,0,0.000000,0.000000,VIRTUAL_ESTIMATE,0,0,0.000011,-0.000011,92.000001
high_voltage_probe_kit,1,3.350462,1788190181.092239,0,0,0.000000,0.000000,VIRTUAL_ESTIMATE,0,0,0.000015,-0.000015,92.000002
high_voltage_probe_kit,1,3.502106,1788190181.243882,0,0,0.000000,0.000000,VIRTUAL_ESTIMATE,0,0,0.000014,-0.000000,91.985887
high_voltage_probe_kit,1,3.643587,1788190181.385360,0,0,0.000000,0.000000,VIRTUAL_ESTIMATE,0,0,0.000015,-0.000015,92.000002
high_voltage_probe_kit,1,3.802328,1788190181.544105,0,0,0.000000,0.000000,VIRTUAL_ESTIMATE,0,0,0.000015,-0.000000,91.985467
high_voltage_probe_kit,1,3.947325,1788190181.689103,0,0,0.000000,0.000000,VIRTUAL_ESTIMATE,0,0,0.000016,-0.000016,92.000003
high_voltage_probe_kit,1,4.102628,1788190181.844400,0,0,0.000000,0.000000,VIRTUAL_ESTIMATE,0,0,0.000016,-0.000016,92.000003
high_voltage_probe_kit,1,4.253058,1788190181.994830,0,0,0.000000,0.000000,VIRTUAL_ESTIMATE,0,0,0.000016,-0.000016,92.000003
high_voltage_probe_kit,1,4.431067,1788190182.172844,0,0,0.000000,0.000000,VIRTUAL_ESTIMATE,0,0,0.000016,-0.000016,92.000003
high_voltage_probe_kit,1,4.586950,1788190182.328728,0,0,0.000000,0.000000,VIRTUAL_ESTIMATE,0,0,0.000015,-0.000000,91.985061
high_voltage_probe_kit,1,4.744584,1788190182.486370,0,0,0.000000,0.000000,VIRTUAL_ESTIMATE,0,0,0.000015,-0.000000,91.985154
high_voltage_probe_kit,1,4.881129,1788190182.622900,0,0,0.000000,0.000000,VIRTUAL_ESTIMATE,0,0,0.000016,-0.000016,92.000003
high_voltage_probe_kit,1,5.022597,1788190182.764372,0,0,0.000000,0.000000,VIRTUAL_ESTIMATE,0,0,0.000015,-0.000000,91.985170
high_voltage_probe_kit,1,5.162686,1788190182.904461,0,0,0.000000,0.000000,VIRTUAL_ESTIMATE,0,0,0.000015,-0.000000,91.985260
high_voltage_probe_kit,1,5.293688,1788190183.035463,0,0,0.000000,0.000000,VIRTUAL_ESTIMATE,0,0,0.000015,-0.000000,91.985304
high_voltage_probe_kit,1,5.435471,1788190183.177243,0,0,0.000000,0.000000,VIRTUAL_ESTIMATE,0,0,0.000016,-0.000016,92.000003
high_voltage_probe_kit,1,5.561044,1788190183.302818,0,0,0.000000,0.000000,VIRTUAL_ESTIMATE,0,0,0.000016,-0.000016,92.000003
high_voltage_probe_kit,1,5.703452,1788190183.445225,0,0,0.000000,0.000000,VIRTUAL_ESTIMATE,0,0,0.000015,-0.000000,91.985294
high_voltage_probe_kit,1,5.833935,1788190183.575711,0,0,0.000000,0.000000,VIRTUAL_ESTIMATE,0,0,0.000016,-0.000016,92.000003
high_voltage_probe_kit,1,5.970854,1788190183.712630,0,0,0.000000,0.000000,VIRTUAL_ESTIMATE,0,0,0.000016,-0.000016,92.000003
high_voltage_probe_kit,1,6.102505,1788190183.844277,0,0,0.000000,0.000000,VIRTUAL_ESTIMATE,0,0,0.000015,-0.000000,91.985246
high_voltage_probe_kit,1,6.240193,1788190183.981965,0,0,0.000000,0.000000,VIRTUAL_ESTIMATE,0,0,0.000015,-0.000000,91.985105
high_voltage_probe_kit,1,6.393729,1788190184.135504,0,0,0.000000,0.000000,VIRTUAL_ESTIMATE,0,0,0.000016,-0.000016,92.000003
high_voltage_probe_kit,1,6.518223,1788190184.259994,0,0,0.000000,0.000000,VIRTUAL_ESTIMATE,0,0,0.000016,-0.000016,92.000003
high_voltage_probe_kit,1,6.657723,1788190184.399498,0,0,0.000000,0.000000,VIRTUAL_ESTIMATE,0,0,0.000015,-0.000000,91.985046
high_voltage_probe_kit,1,6.793198,1788190184.534970,0,0,0.000000,0.000000,VIRTUAL_ESTIMATE,0,0,0.000016,-0.000016,92.000003
high_voltage_probe_kit,1,6.929927,1788190184.671704,0,0,0.000000,0.000000,VIRTUAL_ESTIMATE,0,0,0.000016,-0.000016,92.000003
high_voltage_probe_kit,1,7.061696,1788190184.803468,0,0,0.000000,0.000000,VIRTUAL_ESTIMATE,0,0,0.000015,-0.000000,91.984887
high_voltage_probe_kit,1,7.195929,1788190184.937703,0,0,0.000000,0.000000,VIRTUAL_ESTIMATE,0,0,0.000015,-0.000000,91.984952
high_voltage_probe_kit,1,7.348288,1788190185.090064,0,0,0.000000,0.000000,VIRTUAL_ESTIMATE,0,0,0.000015,-0.000000,91.984888
high_voltage_probe_kit,1,7.472140,1788190185.213914,0,0,0.000000,0.000000,VIRTUAL_ESTIMATE,0,0,0.000015,-0.000000,91.984696
high_voltage_probe_kit,1,7.610015,1788190185.351786,0,0,0.000000,0.000000,VIRTUAL_ESTIMATE,0,0,0.000017,-0.000017,92.000003
high_voltage_probe_kit,1,7.733909,1788190185.475687,0,0,0.000000,0.000000,VIRTUAL_ESTIMATE,0,0,0.000015,-0.000000,91.984687
high_voltage_probe_kit,1,7.866654,1788190185.608427,0,0,0.000000,0.000000,VIRTUAL_ESTIMATE,0,0,0.000017,-0.000017,92.000003
high_voltage_probe_kit,1,8.003443,1788190185.745220,0,0,0.000000,0.000000,VIRTUAL_ESTIMATE,0,0,0.000017,-0.000017,92.000003
high_voltage_probe_kit,1,8.137224,1788190185.878999,0,0,0.000000,0.000000,VIRTUAL_ESTIMATE,0,0,0.000016,-0.000000,91.984475
high_voltage_probe_kit,1,8.290564,1788190186.032337,0,0,0.000000,0.000000,VIRTUAL_ESTIMATE,0,0,0.000016,-0.000000,91.984296
high_voltage_probe_kit,1,8.412905,1788190186.154678,0,0,0.000000,0.000000,VIRTUAL_ESTIMATE,0,0,0.000017,-0.000017,92.000003
high_voltage_probe_kit,1,8.554954,1788190186.296730,0,0,0.000000,0.000000,VIRTUAL_ESTIMATE,0,0,0.000016,-0.000000,91.984329
high_voltage_probe_kit,1,8.688528,1788190186.430302,0,0,0.000000,0.000000,VIRTUAL_ESTIMATE,0,0,0.000016,-0.000000,91.984156
high_voltage_probe_kit,1,8.817738,1788190186.559514,0,0,0.000000,0.000000,VIRTUAL_ESTIMATE,0,0,0.000017,-0.000017,92.000003
high_voltage_probe_kit,1,8.951910,1788190186.693687,0,0,0.000000,0.000000,VIRTUAL_ESTIMATE,0,0,0.000016,-0.000000,91.984249
high_voltage_probe_kit,1,9.086926,1788190186.828700,0,0,0.000000,0.000000,VIRTUAL_ESTIMATE,0,0,0.000016,-0.000000,91.984099
high_voltage_probe_kit,1,9.243904,1788190186.985680,0,0,0.000000,0.000000,VIRTUAL_ESTIMATE,0,0,0.000016,-0.000000,91.984209
high_voltage_probe_kit,1,9.377321,1788190187.119092,0,0,0.000000,0.000000,VIRTUAL_ESTIMATE,0,0,0.000017,-0.000017,92.000003
high_voltage_probe_kit,1,9.515066,1788190187.256840,0,0,0.000000,0.000000,VIRTUAL_ESTIMATE,0,0,0.000016,-0.000000,91.984129
high_voltage_probe_kit,1,9.648349,1788190187.390125,0,0,0.000000,0.000000,VIRTUAL_ESTIMATE,0,0,0.000016,-0.000000,91.984211
high_voltage_probe_kit,1,9.780031,1788190187.521807,0,0,0.000000,0.000000,VIRTUAL_ESTIMATE,0,0,0.006017,0.005983,80.000002
high_voltage_probe_kit,1,9.916896,1788190187.658668,0,0,0.000000,0.000000,VIRTUAL_ESTIMATE,0,0,0.006517,0.006483,79.000002
high_voltage_probe_kit,1,10.085216,1788190187.826995,0,0,0.000000,0.000000,VIRTUAL_ESTIMATE,0,0,0.006817,0.006783,78.400002
high_voltage_probe_kit,1,10.243341,1788190187.985116,0,0,0.000000,0.000000,VIRTUAL_ESTIMATE,0,0,0.007317,0.007283,77.400002
high_voltage_probe_kit,1,10.395214,1788190188.136990,0,0,0.000000,0.000000,VIRTUAL_ESTIMATE,0,0,0.007517,0.007483,77.000002
high_voltage_probe_kit,1,10.556826,1788190188.298599,0,0,0.000000,0.000000,VIRTUAL_ESTIMATE,0,0,0.008017,0.007983,76.000002
high_voltage_probe_kit,1,10.700358,1788190188.442131,0,0,0.000000,0.000000,VIRTUAL_ESTIMATE,0,0,0.008317,0.008283,75.400002
high_voltage_probe_kit,1,10.847303,1788190188.589073,0,0,0.000000,0.000000,VIRTUAL_ESTIMATE,0,0,0.008817,0.008783,74.400002
high_voltage_probe_kit,1,10.990993,1788190188.732764,0,0,0.000000,0.000000,VIRTUAL_ESTIMATE,0,0,0.009017,0.008983,74.000002
high_voltage_probe_kit,1,11.161777,1788190188.903555,0,0,0.000000,0.000000,VIRTUAL_ESTIMATE,0,0,0.009517,0.009483,73.000002
high_voltage_probe_kit,1,11.309238,1788190189.051009,0,0,0.000000,0.000000,VIRTUAL_ESTIMATE,0,0,0.009817,0.009783,72.400002
high_voltage_probe_kit,1,11.470182,1788190189.211957,0,0,0.000000,0.000000,VIRTUAL_ESTIMATE,0,0,0.010317,0.010283,71.400002
high_voltage_probe_kit,1,11.629873,1788190189.371646,0,0,0.000000,0.000000,VIRTUAL_ESTIMATE,0,0,0.010517,0.010483,71.000002
high_voltage_probe_kit,1,11.777178,1788190189.518955,0,0,0.000000,0.000000,VIRTUAL_ESTIMATE,0,0,0.011018,0.010982,70.000002
high_voltage_probe_kit,1,11.930773,1788190189.672549,0,0,0.000000,0.000000,VIRTUAL_ESTIMATE,0,0,0.011317,0.011283,69.400002
high_voltage_probe_kit,1,12.076683,1788190189.818455,0,0,0.000000,0.000000,VIRTUAL_ESTIMATE,0,0,0.011817,0.011783,68.400002
high_voltage_probe_kit,1,12.243807,1788190189.985583,0,0,0.000000,0.000000,VIRTUAL_ESTIMATE,0,0,0.012018,0.011982,68.000002
high_voltage_probe_kit,1,12.386464,1788190190.128239,0,0,0.000000,0.000000,VIRTUAL_ESTIMATE,0,0,0.012517,0.012483,67.000002
high_voltage_probe_kit,1,12.549641,1788190190.291413,0,0,0.000000,0.000000,VIRTUAL_ESTIMATE,0,0,0.012817,0.012783,66.400002
high_voltage_probe_kit,1,12.702687,1788190190.444464,0,0,0.000000,0.000000,VIRTUAL_ESTIMATE,0,0,0.013318,0.013282,65.400002
high_voltage_probe_kit,1,12.841373,1788190190.583144,0,0,0.000000,0.000000,VIRTUAL_ESTIMATE,0,0,0.013517,0.013483,65.000002
high_voltage_probe_kit,1,12.981627,1788190190.723399,0,0,0.000000,0.000000,VIRTUAL_ESTIMATE,0,0,0.014017,0.013983,64.000002
high_voltage_probe_kit,1,13.116781,1788190190.858557,0,0,0.000000,0.000000,VIRTUAL_ESTIMATE,0,0,0.014318,0.014282,63.400002
high_voltage_probe_kit,1,13.269794,1788190191.011565,0,0,0.000000,0.000000,VIRTUAL_ESTIMATE,0,0,0.014817,0.014783,62.400002
high_voltage_probe_kit,1,13.405668,1788190191.147441,0,0,0.000000,0.000000,VIRTUAL_ESTIMATE,0,0,0.015017,0.014983,62.000002
high_voltage_probe_kit,1,13.555890,1788190191.297662,0,0,0.000000,0.000000,VIRTUAL_ESTIMATE,0,0,0.015318,0.015282,61.400002
high_voltage_probe_kit,1,13.693176,1788190191.434947,0,0,0.000000,0.000000,VIRTUAL_ESTIMATE,0,0,0.015817,0.015783,60.400002
high_voltage_probe_kit,1,13.834632,1788190191.576407,0,0,0.000000,0.000000,VIRTUAL_ESTIMATE,0,0,0.016017,0.015983,60.000002
high_voltage_probe_kit,1,13.972808,1788190191.714583,0,0,0.000000,0.000000,VIRTUAL_ESTIMATE,0,0,0.016318,0.016282,59.400002
high_voltage_probe_kit,1,14.134041,1788190191.875816,0,0,0.000000,0.000000,VIRTUAL_ESTIMATE,0,0,0.016817,0.016783,58.400002
high_voltage_probe_kit,1,14.271733,1788190192.013504,0,0,0.000000,0.000000,VIRTUAL_ESTIMATE,0,0,0.017017,0.016983,58.000002
high_voltage_probe_kit,1,14.432509,1788190192.174287,0,0,0.000000,0.000000,VIRTUAL_ESTIMATE,0,0,0.017518,0.017482,57.000002
high_voltage_probe_kit,1,14.560951,1788190192.302722,0,0,0.000000,0.000000,VIRTUAL_ESTIMATE,0,0,0.017818,0.017782,56.400002
high_voltage_probe_kit,1,14.692796,1788190192.434570,0,0,0.000000,0.000000,VIRTUAL_ESTIMATE,0,0,0.018317,0.018283,55.400002
high_voltage_probe_kit,1,14.825675,1788190192.567452,0,0,0.000000,0.000000,VIRTUAL_ESTIMATE,0,0,0.018518,0.018482,55.000002
high_voltage_probe_kit,1,14.957806,1788190192.699577,0,0,0.000000,0.000000,VIRTUAL_ESTIMATE,0,0,0.018818,0.018782,54.400002
high_voltage_probe_kit,1,15.119948,1788190192.861725,0,0,0.000000,0.000000,VIRTUAL_ESTIMATE,0,0,0.019017,0.018983,54.000002
high_voltage_probe_kit,1,15.262552,1788190193.004328,0,0,0.000000,0.000000,VIRTUAL_ESTIMATE,0,0,0.019518,0.019482,53.000002
high_voltage_probe_kit,1,15.421985,1788190193.163757,0,0,0.000000,20.000000,VIRTUAL_ESTIMATE,0,1,0.020018,0.019982,52.000002
high_voltage_probe_kit,1,15.560783,1788190193.302555,0,1,0.000000,20.000000,VIRTUAL_ESTIMATE,0,1,0.020318,0.019982,51.700002
high_voltage_probe_kit,1,15.698440,1788190193.440215,0,1,0.000000,20.000000,VIRTUAL_ESTIMATE,0,1,0.020518,0.019982,51.500002
high_voltage_probe_kit,1,15.831770,1788190193.573541,0,1,0.000000,20.000000,VIRTUAL_ESTIMATE,0,1,0.021018,0.019982,51.000002
high_voltage_probe_kit,1,15.969659,1788190193.711430,0,1,0.000000,20.000000,VIRTUAL_ESTIMATE,0,1,0.021318,0.019982,50.700002
high_voltage_probe_kit,1,16.123897,1788190193.865674,0,1,0.000000,20.000000,VIRTUAL_ESTIMATE,0,1,0.021818,0.019982,50.200002
high_voltage_probe_kit,1,16.291822,1788190194.033597,0,1,0.000000,20.000000,VIRTUAL_ESTIMATE,0,1,0.022018,0.019982,50.000002
high_voltage_probe_kit,1,16.443559,1788190194.185337,0,1,0.000000,20.000000,VIRTUAL_ESTIMATE,0,1,0.022518,0.019982,49.500002
high_voltage_probe_kit,1,16.592025,1788190194.333801,0,1,20.000000,20.000000,VIRTUAL_ESTIMATE,0,0,0.022751,0.020049,49.200001
high_voltage_probe_kit,1,16.732493,1788190194.474271,0,1,20.000000,20.000000,VIRTUAL_ESTIMATE,0,0,0.022747,0.020053,49.200001
high_voltage_probe_kit,1,16.873565,1788190194.615342,0,1,20.000000,20.000000,VIRTUAL_ESTIMATE,0,0,0.022746,0.020054,49.200001
high_voltage_probe_kit,1,17.018779,1788190194.760550,0,1,20.000000,20.000000,VIRTUAL_ESTIMATE,0,0,0.022739,0.020061,49.200002
high_voltage_probe_kit,1,17.174130,1788190194.915902,0,1,20.000000,20.000000,VIRTUAL_ESTIMATE,0,0,0.022738,0.020062,49.200002
high_voltage_probe_kit,1,17.330258,1788190195.072037,0,1,20.000000,20.000000,VIRTUAL_ESTIMATE,0,0,0.022739,0.020061,49.200002
high_voltage_probe_kit,1,17.468554,1788190195.210330,0,1,20.000000,20.000000,VIRTUAL_ESTIMATE,0,0,0.022738,0.020062,49.200002
high_voltage_probe_kit,1,17.611827,1788190195.353605,0,1,20.000000,20.000000,VIRTUAL_ESTIMATE,0,0,0.022737,0.020063,49.200002
high_voltage_probe_kit,1,17.760809,1788190195.502580,0,1,20.000000,20.000000,VIRTUAL_ESTIMATE,0,0,0.022736,0.020064,49.200002
high_voltage_probe_kit,1,17.903687,1788190195.645463,0,1,20.000000,20.000000,VIRTUAL_ESTIMATE,0,0,0.022737,0.020063,49.200002
high_voltage_probe_kit,1,18.047617,1788190195.789397,0,1,20.000000,20.000000,VIRTUAL_ESTIMATE,0,0,0.022736,0.020064,49.200002
high_voltage_probe_kit,1,18.223067,1788190195.964838,0,1,20.000000,20.000000,VIRTUAL_ESTIMATE,0,0,0.022734,0.020066,49.200002
high_voltage_probe_kit,1,18.391938,1788190196.133714,0,1,20.000000,20.000000,VIRTUAL_ESTIMATE,0,0,0.022733,0.020067,49.200002
high_voltage_probe_kit,1,18.524548,1788190196.266320,0,1,20.000000,20.000000,VIRTUAL_ESTIMATE,0,0,0.022734,0.020066,49.200002
high_voltage_probe_kit,1,18.662762,1788190196.404539,0,1,20.000000,20.000000,VIRTUAL_ESTIMATE,0,0,0.022735,0.020065,49.200002
high_voltage_probe_kit,1,18.800831,1788190196.542607,0,1,20.000000,20.000000,VIRTUAL_ESTIMATE,0,0,0.022734,0.020066,49.200002
high_voltage_probe_kit,1,18.940085,1788190196.681857,0,1,20.000000,20.000000,VIRTUAL_ESTIMATE,0,0,0.022735,0.020065,49.200002
high_voltage_probe_kit,1,19.083216,1788190196.824988,0,1,20.000000,20.000000,VIRTUAL_ESTIMATE,0,0,0.022733,0.020067,49.200002
high_voltage_probe_kit,1,19.250651,1788190196.992427,0,1,20.000000,20.000000,VIRTUAL_ESTIMATE,0,0,0.022732,0.020068,49.200002
high_voltage_probe_kit,1,19.408015,1788190197.149793,0,1,20.000000,20.000000,VIRTUAL_ESTIMATE,0,0,0.022733,0.020067,49.200002
high_voltage_probe_kit,1,19.550054,1788190197.291829,0,1,20.000000,20.000000,VIRTUAL_ESTIMATE,0,0,0.022733,0.020067,49.200002
high_voltage_probe_kit,1,19.685795,1788190197.427568,0,1,20.000000,20.000000,VIRTUAL_ESTIMATE,0,0,0.022731,0.020069,49.200002
high_voltage_probe_kit,1,19.825824,1788190197.567597,0,1,20.000000,20.000000,VIRTUAL_ESTIMATE,0,0,0.022733,0.020067,49.200002
high_voltage_probe_kit,1,19.961397,1788190197.703187,0,1,20.000000,20.000000,VIRTUAL_ESTIMATE,0,0,0.022734,0.020066,49.200002
high_voltage_probe_kit,1,20.110197,1788190197.851969,0,1,20.000000,20.000000,VIRTUAL_ESTIMATE,0,0,0.022734,0.020066,49.200002
high_voltage_probe_kit,1,20.275580,1788190198.017358,0,1,20.000000,20.000000,VIRTUAL_ESTIMATE,0,0,0.022735,0.020065,49.200002
high_voltage_probe_kit,1,20.437522,1788190198.179301,0,1,20.000000,20.000000,VIRTUAL_ESTIMATE,0,0,0.022731,0.020069,49.200002
high_voltage_probe_kit,1,20.583470,1788190198.325243,0,1,20.000000,20.000000,VIRTUAL_ESTIMATE,0,0,0.022732,0.020068,49.200002
high_voltage_probe_kit,1,20.725085,1788190198.466859,0,1,20.000000,20.000000,VIRTUAL_ESTIMATE,0,0,0.022729,0.020071,49.200002
high_voltage_probe_kit,1,20.849536,1788190198.591311,0,1,20.000000,20.000000,VIRTUAL_ESTIMATE,0,0,0.022730,0.020070,49.200002
high_voltage_probe_kit,1,20.975823,1788190198.717597,0,1,20.000000,20.000000,VIRTUAL_ESTIMATE,0,0,0.022730,0.020070,49.200003
high_voltage_probe_kit,1,21.106281,1788190198.848058,0,1,20.000000,20.000000,VIRTUAL_ESTIMATE,0,0,0.022727,0.020073,49.200003
high_voltage_probe_kit,1,21.266854,1788190199.008633,0,1,20.000000,20.000000,VIRTUAL_ESTIMATE,0,0,0.022727,0.020073,49.200003
high_voltage_probe_kit,1,21.413361,1788190199.155133,0,1,20.000000,20.000000,VIRTUAL_ESTIMATE,0,0,0.022727,0.020073,49.200003
high_voltage_probe_kit,1,21.548756,1788190199.290530,0,1,20.000000,20.000000,VIRTUAL_ESTIMATE,0,0,0.022724,0.020076,49.200003
high_voltage_probe_kit,1,21.688322,1788190199.430096,0,1,20.000000,20.000000,VIRTUAL_ESTIMATE,0,0,0.022726,0.020074,49.200003
high_voltage_probe_kit,1,21.820291,1788190199.562083,0,1,20.000000,20.000000,VIRTUAL_ESTIMATE,0,0,0.022726,0.020074,49.200003
high_voltage_probe_kit,1,21.954402,1788190199.696177,0,1,20.000000,20.000000,VIRTUAL_ESTIMATE,0,0,0.022726,0.020074,49.200003
high_voltage_probe_kit,1,22.107679,1788190199.849456,0,1,20.000000,20.000000,VIRTUAL_ESTIMATE,0,0,0.022725,0.020075,49.200003
high_voltage_probe_kit,1,22.255357,1788190199.997129,0,1,20.000000,20.000000,VIRTUAL_ESTIMATE,0,0,0.022725,0.020075,49.200003
high_voltage_probe_kit,1,22.388228,1788190200.130004,0,1,20.000000,20.000000,VIRTUAL_ESTIMATE,0,0,0.022722,0.020078,49.200003
high_voltage_probe_kit,1,22.516725,1788190200.258501,0,1,20.000000,20.000000,VIRTUAL_ESTIMATE,0,0,0.022721,0.020079,49.200004
high_voltage_probe_kit,1,22.647996,1788190200.389767,0,1,20.000000,20.000000,VIRTUAL_ESTIMATE,0,0,0.022718,0.020082,49.200004
high_voltage_probe_kit,1,22.780164,1788190200.521939,0,1,20.000000,20.000000,VIRTUAL_ESTIMATE,0,0,0.022716,0.020084,49.200004
high_voltage_probe_kit,1,22.935432,1788190200.677202,0,1,20.000000,20.000000,VIRTUAL_ESTIMATE,0,0,0.022718,0.020082,49.200003
high_voltage_probe_kit,1,23.095064,1788190200.836867,0,1,20.000000,20.000000,VIRTUAL_ESTIMATE,0,0,0.022719,0.020081,49.200004
high_voltage_probe_kit,1,23.224847,1788190200.966625,0,1,20.000000,20.000000,VIRTUAL_ESTIMATE,0,0,0.022714,0.020086,49.200005
high_voltage_probe_kit,1,23.355964,1788190201.097736,0,1,20.000000,20.000000,VIRTUAL_ESTIMATE,0,0,0.022715,0.020085,49.200004
high_voltage_probe_kit,1,23.486971,1788190201.228742,0,1,20.000000,20.000000,VIRTUAL_ESTIMATE,0,0,0.022716,0.020084,49.200004
high_voltage_probe_kit,1,23.617847,1788190201.359616,0,1,20.000000,20.000000,VIRTUAL_ESTIMATE,0,0,0.022713,0.020087,49.200004
high_voltage_probe_kit,1,23.755081,1788190201.496854,0,1,20.000000,20.000000,VIRTUAL_ESTIMATE,0,0,0.022710,0.020090,49.200005
high_voltage_probe_kit,2,0.004297,1788190246.323455,0,0,0.000000,0.000000,VIRTUAL_ESTIMATE,0,0,0.000023,-0.000023,92.000005
high_voltage_probe_kit,2,0.153229,1788190246.472391,0,0,0.000000,0.000000,VIRTUAL_ESTIMATE,0,0,0.000021,0.000000,91.978716
high_voltage_probe_kit,2,0.314723,1788190246.633885,0,0,0.000000,0.000000,VIRTUAL_ESTIMATE,0,0,0.000023,-0.000023,92.000005
high_voltage_probe_kit,2,0.466508,1788190246.785673,0,0,0.000000,0.000000,VIRTUAL_ESTIMATE,0,0,0.000023,-0.000023,92.000005
high_voltage_probe_kit,2,0.609396,1788190246.928555,0,0,0.000000,0.000000,VIRTUAL_ESTIMATE,0,0,0.000023,-0.000023,92.000005
high_voltage_probe_kit,2,0.745217,1788190247.064376,0,0,0.000000,0.000000,VIRTUAL_ESTIMATE,0,0,0.000021,0.000000,91.978889
high_voltage_probe_kit,2,0.887173,1788190247.206351,0,0,0.000000,0.000000,VIRTUAL_ESTIMATE,0,0,0.000023,-0.000023,92.000005
high_voltage_probe_kit,2,1.034845,1788190247.354011,0,0,0.000000,0.000000,VIRTUAL_ESTIMATE,0,0,0.000023,-0.000023,92.000005
high_voltage_probe_kit,2,1.195420,1788190247.514585,0,0,0.000000,0.000000,VIRTUAL_ESTIMATE,0,0,0.000022,-0.000022,92.000004
high_voltage_probe_kit,2,1.356969,1788190247.676130,0,0,0.000000,0.000000,VIRTUAL_ESTIMATE,0,0,0.000022,-0.000022,92.000004
high_voltage_probe_kit,2,1.510517,1788190247.829680,0,0,0.000000,0.000000,VIRTUAL_ESTIMATE,0,0,0.000022,-0.000022,92.000004
high_voltage_probe_kit,2,1.648469,1788190247.967629,0,0,0.000000,0.000000,VIRTUAL_ESTIMATE,0,0,0.000020,0.000000,91.980021
high_voltage_probe_kit,2,1.790067,1788190248.109227,0,0,0.000000,0.000000,VIRTUAL_ESTIMATE,0,0,0.000022,-0.000022,92.000004
high_voltage_probe_kit,2,1.922529,1788190248.241693,0,0,0.000000,0.000000,VIRTUAL_ESTIMATE,0,0,0.000019,0.000000,91.980566
high_voltage_probe_kit,2,2.071585,1788190248.390747,0,0,0.000000,0.000000,VIRTUAL_ESTIMATE,0,0,0.000019,0.000000,91.981097
high_voltage_probe_kit,2,2.221076,1788190248.540239,0,0,0.000000,0.000000,VIRTUAL_ESTIMATE,0,0,0.000019,0.000000,91.981312
high_voltage_probe_kit,2,2.379692,1788190248.698857,0,0,0.000000,0.000000,VIRTUAL_ESTIMATE,0,0,0.000018,0.000000,91.981905
high_voltage_probe_kit,2,2.526129,1788190248.845294,0,0,0.000000,0.000000,VIRTUAL_ESTIMATE,0,0,0.000017,0.000000,91.982571
high_voltage_probe_kit,2,2.679740,1788190248.998899,0,0,0.000000,0.000000,VIRTUAL_ESTIMATE,0,0,0.000019,-0.000019,92.000004
high_voltage_probe_kit,2,2.822690,1788190249.141850,0,0,0.000000,0.000000,VIRTUAL_ESTIMATE,0,0,0.000018,-0.000018,92.000003
high_voltage_probe_kit,2,2.956650,1788190249.275837,0,0,0.000000,0.000000,VIRTUAL_ESTIMATE,0,0,0.000017,-0.000017,92.000003
high_voltage_probe_kit,2,3.100205,1788190249.419366,0,0,0.000000,0.000000,VIRTUAL_ESTIMATE,0,0,0.000016,0.000000,91.984345
high_voltage_probe_kit,2,3.257493,1788190249.576652,0,0,0.000000,0.000000,VIRTUAL_ESTIMATE,0,0,0.000017,-0.000017,92.000003
high_voltage_probe_kit,2,3.414095,1788190249.733255,0,0,0.000000,0.000000,VIRTUAL_ESTIMATE,0,0,0.000015,0.000000,91.985252
high_voltage_probe_kit,2,3.564508,1788190249.883671,0,0,0.000000,0.000000,VIRTUAL_ESTIMATE,0,0,0.000016,-0.000016,92.000003
high_voltage_probe_kit,2,3.707134,1788190250.026296,0,0,0.000000,0.000000,VIRTUAL_ESTIMATE,0,0,0.000015,-0.000015,92.000003
high_voltage_probe_kit,2,3.853438,1788190250.172598,0,0,0.000000,0.000000,VIRTUAL_ESTIMATE,0,0,0.000015,-0.000015,92.000003
high_voltage_probe_kit,2,3.989524,1788190250.308684,0,0,0.000000,0.000000,VIRTUAL_ESTIMATE,0,0,0.000015,-0.000015,92.000003
high_voltage_probe_kit,2,4.131301,1788190250.450460,0,0,0.000000,0.000000,VIRTUAL_ESTIMATE,0,0,0.000014,-0.000014,92.000003
high_voltage_probe_kit,2,4.274612,1788190250.593772,0,0,0.000000,0.000000,VIRTUAL_ESTIMATE,0,0,0.000013,0.000000,91.986796
high_voltage_probe_kit,2,4.425494,1788190250.744659,0,0,0.000000,0.000000,VIRTUAL_ESTIMATE,0,0,0.000014,-0.000014,92.000002
high_voltage_probe_kit,2,4.572099,1788190250.891264,0,0,0.000000,0.000000,VIRTUAL_ESTIMATE,0,0,0.000013,0.000000,91.986927
high_voltage_probe_kit,2,4.726370,1788190251.045533,0,0,0.000000,0.000000,VIRTUAL_ESTIMATE,0,0,0.000014,-0.000014,92.000002
high_voltage_probe_kit,2,4.868233,1788190251.187393,0,0,0.000000,0.000000,VIRTUAL_ESTIMATE,0,0,0.000014,-0.000014,92.000002
high_voltage_probe_kit,2,5.010566,1788190251.329726,0,0,0.000000,0.000000,VIRTUAL_ESTIMATE,0,0,0.000014,-0.000014,92.000002
high_voltage_probe_kit,2,5.165954,1788190251.485115,0,0,0.000000,0.000000,VIRTUAL_ESTIMATE,0,0,0.000013,0.000000,91.986969
high_voltage_probe_kit,2,5.321557,1788190251.640721,0,0,0.000000,0.000000,VIRTUAL_ESTIMATE,0,0,0.000014,-0.000014,92.000002
high_voltage_probe_kit,2,5.471162,1788190251.790326,0,0,0.000000,0.000000,VIRTUAL_ESTIMATE,0,0,0.000013,0.000000,91.986915
high_voltage_probe_kit,2,5.615584,1788190251.934749,0,0,0.000000,0.000000,VIRTUAL_ESTIMATE,0,0,0.000013,0.000000,91.986878
high_voltage_probe_kit,2,5.755746,1788190252.074912,0,0,0.000000,0.000000,VIRTUAL_ESTIMATE,0,0,0.000013,0.000000,91.986851
high_voltage_probe_kit,2,5.896935,1788190252.216098,0,0,0.000000,0.000000,VIRTUAL_ESTIMATE,0,0,0.000013,0.000000,91.986797
high_voltage_probe_kit,2,6.039068,1788190252.358226,0,0,0.000000,0.000000,VIRTUAL_ESTIMATE,0,0,0.000013,0.000000,91.986751
high_voltage_probe_kit,2,6.193891,1788190252.513051,0,0,0.000000,0.000000,VIRTUAL_ESTIMATE,0,0,0.000015,-0.000015,92.000002
high_voltage_probe_kit,2,6.337935,1788190252.657099,0,0,0.000000,0.000000,VIRTUAL_ESTIMATE,0,0,0.000015,-0.000015,92.000002
high_voltage_probe_kit,2,6.486970,1788190252.806132,0,0,0.000000,0.000000,VIRTUAL_ESTIMATE,0,0,0.000013,0.000000,91.986616
high_voltage_probe_kit,2,6.630694,1788190252.949855,0,0,0.000000,0.000000,VIRTUAL_ESTIMATE,0,0,0.000015,-0.000015,92.000002
high_voltage_probe_kit,2,6.769881,1788190253.089045,0,0,0.000000,0.000000,VIRTUAL_ESTIMATE,0,0,0.000014,-0.000014,92.000002
high_voltage_probe_kit,2,6.910908,1788190253.230072,0,0,0.000000,0.000000,VIRTUAL_ESTIMATE,0,0,0.000014,-0.000014,92.000002
high_voltage_probe_kit,2,7.059083,1788190253.378244,0,0,0.000000,0.000000,VIRTUAL_ESTIMATE,0,0,0.000013,0.000000,91.987430
high_voltage_probe_kit,2,7.204199,1788190253.523365,0,0,0.000000,0.000000,VIRTUAL_ESTIMATE,0,0,0.000013,-0.000013,92.000002
high_voltage_probe_kit,2,7.358934,1788190253.678093,0,0,0.000000,0.000000,VIRTUAL_ESTIMATE,0,0,0.000013,-0.000013,92.000002
high_voltage_probe_kit,2,7.519154,1788190253.838315,0,0,0.000000,0.000000,VIRTUAL_ESTIMATE,0,0,0.000012,-0.000000,91.987655
high_voltage_probe_kit,2,7.666990,1788190253.986152,0,0,0.000000,0.000000,VIRTUAL_ESTIMATE,0,0,0.000013,-0.000013,92.000002
high_voltage_probe_kit,2,7.804636,1788190254.123813,0,0,0.000000,0.000000,VIRTUAL_ESTIMATE,0,0,0.000012,0.000000,91.987688
high_voltage_probe_kit,2,7.938444,1788190254.257609,0,0,0.000000,0.000000,VIRTUAL_ESTIMATE,0,0,0.000012,0.000000,91.987716
high_voltage_probe_kit,2,8.073906,1788190254.393066,0,0,0.000000,0.000000,VIRTUAL_ESTIMATE,0,0,0.000012,0.000000,91.987722
high_voltage_probe_kit,2,8.216313,1788190254.535475,0,0,0.000000,0.000000,VIRTUAL_ESTIMATE,0,0,0.000013,-0.000013,92.000002
high_voltage_probe_kit,2,8.369589,1788190254.688752,0,0,0.000000,0.000000,VIRTUAL_ESTIMATE,0,0,0.000012,0.000000,91.987750
high_voltage_probe_kit,2,8.527495,1788190254.846656,0,0,0.000000,0.000000,VIRTUAL_ESTIMATE,0,0,0.000013,-0.000013,92.000002
high_voltage_probe_kit,2,8.694328,1788190255.013491,0,0,0.000000,0.000000,VIRTUAL_ESTIMATE,0,0,0.000012,0.000000,91.987766
high_voltage_probe_kit,2,8.836995,1788190255.156154,0,0,0.000000,0.000000,VIRTUAL_ESTIMATE,0,0,0.000012,0.000000,91.987783
high_voltage_probe_kit,2,8.971520,1788190255.290684,0,0,0.000000,0.000000,VIRTUAL_ESTIMATE,0,0,0.000012,0.000000,91.987776
high_voltage_probe_kit,2,9.108691,1788190255.427855,0,0,0.000000,0.000000,VIRTUAL_ESTIMATE,0,0,0.000012,0.000000,91.987769
high_voltage_probe_kit,2,9.260681,1788190255.579846,0,0,0.000000,0.000000,VIRTUAL_ESTIMATE,0,0,0.000013,-0.000013,92.000002
high_voltage_probe_kit,2,9.415555,1788190255.734719,0,0,0.000000,0.000000,VIRTUAL_ESTIMATE,0,0,0.000013,-0.000013,92.000002
high_voltage_probe_kit,2,9.590419,1788190255.909579,0,0,0.000000,0.000000,VIRTUAL_ESTIMATE,0,0,0.000013,-0.000013,92.000002
high_voltage_probe_kit,2,9.754308,1788190256.073469,0,0,0.000000,0.000000,VIRTUAL_ESTIMATE,0,0,0.000012,0.000000,91.987741
high_voltage_probe_kit,2,9.913133,1788190256.232295,0,0,0.000000,0.000000,VIRTUAL_ESTIMATE,0,0,0.000013,-0.000013,92.000002
high_voltage_probe_kit,2,10.067416,1788190256.386582,0,0,0.000000,0.000000,VIRTUAL_ESTIMATE,0,0,0.000012,0.000000,91.987712
high_voltage_probe_kit,2,10.216038,1788190256.535199,0,0,0.000000,0.000000,VIRTUAL_ESTIMATE,0,0,0.000013,-0.000013,92.000002
high_voltage_probe_kit,2,10.369593,1788190256.688754,0,0,0.000000,0.000000,VIRTUAL_ESTIMATE,0,0,0.000012,0.000000,91.987652
high_voltage_probe_kit,2,10.535211,1788190256.854378,0,0,0.000000,0.000000,VIRTUAL_ESTIMATE,0,0,0.000012,0.000000,91.987593
high_voltage_probe_kit,2,10.708941,1788190257.028109,0,0,0.000000,0.000000,VIRTUAL_ESTIMATE,0,0,0.000013,-0.000013,92.000002
high_voltage_probe_kit,2,10.868266,1788190257.187429,0,0,0.000000,0.000000,VIRTUAL_ESTIMATE,0,0,0.000012,0.000000,91.987500
high_voltage_probe_kit,2,11.024323,1788190257.343484,0,0,0.000000,0.000000,VIRTUAL_ESTIMATE,0,0,0.000014,-0.000014,92.000002
high_voltage_probe_kit,2,11.184582,1788190257.503749,0,0,0.000000,0.000000,VIRTUAL_ESTIMATE,0,0,0.000013,0.000000,91.987359
high_voltage_probe_kit,2,11.336998,1788190257.656158,0,0,0.000000,0.000000,VIRTUAL_ESTIMATE,0,0,0.000013,0.000000,91.987278
high_voltage_probe_kit,2,11.500691,1788190257.819864,0,0,0.000000,0.000000,VIRTUAL_ESTIMATE,0,0,0.000014,-0.000014,92.000002
high_voltage_probe_kit,2,11.655155,1788190257.974315,0,0,0.000000,0.000000,VIRTUAL_ESTIMATE,0,0,0.000014,-0.000014,92.000002
high_voltage_probe_kit,2,11.827320,1788190258.146483,0,0,0.000000,0.000000,VIRTUAL_ESTIMATE,0,0,0.000013,0.000000,91.986982
high_voltage_probe_kit,2,11.989306,1788190258.308468,0,0,0.000000,0.000000,VIRTUAL_ESTIMATE,0,0,0.000013,0.000000,91.986876
high_voltage_probe_kit,2,12.144132,1788190258.463292,0,0,0.000000,0.000000,VIRTUAL_ESTIMATE,0,0,0.000013,0.000000,91.986795
high_voltage_probe_kit,2,12.303396,1788190258.622557,0,0,0.000000,0.000000,VIRTUAL_ESTIMATE,0,0,0.000014,-0.000014,92.000002
high_voltage_probe_kit,2,12.461159,1788190258.780320,0,0,0.000000,0.000000,VIRTUAL_ESTIMATE,0,0,0.000013,0.000000,91.986621
high_voltage_probe_kit,2,12.627259,1788190258.946425,0,0,0.000000,0.000000,VIRTUAL_ESTIMATE,0,0,0.000013,0.000000,91.986543
high_voltage_probe_kit,2,12.785733,1788190259.104894,0,0,0.000000,0.000000,VIRTUAL_ESTIMATE,0,0,0.000015,-0.000015,92.000002
high_voltage_probe_kit,2,12.956866,1788190259.276031,0,0,0.000000,0.000000,VIRTUAL_ESTIMATE,0,0,0.000015,-0.000015,92.000002
high_voltage_probe_kit,2,13.114772,1788190259.433933,0,0,0.000000,0.000000,VIRTUAL_ESTIMATE,0,0,0.000015,-0.000015,92.000002
high_voltage_probe_kit,2,13.267471,1788190259.586637,0,0,0.000000,0.000000,VIRTUAL_ESTIMATE,0,0,0.000014,0.000000,91.986306
high_voltage_probe_kit,2,13.424647,1788190259.743813,0,0,0.000000,0.000000,VIRTUAL_ESTIMATE,0,0,0.000015,-0.000015,92.000002
high_voltage_probe_kit,2,13.597874,1788190259.917034,0,0,0.000000,0.000000,VIRTUAL_ESTIMATE,0,0,0.000015,-0.000015,92.000002
high_voltage_probe_kit,2,13.782630,1788190260.101792,0,0,0.000000,0.000000,VIRTUAL_ESTIMATE,0,0,0.000014,0.000000,91.986220
high_voltage_probe_kit,2,13.934950,1788190260.254110,0,0,0.000000,0.000000,VIRTUAL_ESTIMATE,0,0,0.000014,0.000000,91.985577
high_voltage_probe_kit,2,14.092821,1788190260.411982,0,0,0.000000,0.000000,VIRTUAL_ESTIMATE,0,0,0.000015,-0.000015,92.000002
high_voltage_probe_kit,2,14.232589,1788190260.551749,0,0,0.000000,0.000000,VIRTUAL_ESTIMATE,0,0,0.000015,0.000000,91.985423
high_voltage_probe_kit,2,14.378244,1788190260.697405,0,0,0.000000,0.000000,VIRTUAL_ESTIMATE,0,0,0.006016,0.005984,80.000002
high_voltage_probe_kit,2,14.528914,1788190260.848080,0,0,0.000000,0.000000,VIRTUAL_ESTIMATE,0,0,0.006316,0.006284,79.400002
high_voltage_probe_kit,2,14.687313,1788190261.006472,0,0,0.000000,0.000000,VIRTUAL_ESTIMATE,0,0,0.006516,0.006484,79.000002
high_voltage_probe_kit,2,14.852252,1788190261.171411,0,0,0.000000,0.000000,VIRTUAL_ESTIMATE,0,0,0.007017,0.006983,78.000003
high_voltage_probe_kit,2,14.998276,1788190261.317440,0,0,0.000000,0.000000,VIRTUAL_ESTIMATE,0,0,0.007519,0.007481,77.000003
high_voltage_probe_kit,2,15.161617,1788190261.480776,0,0,0.000000,0.000000,VIRTUAL_ESTIMATE,0,0,0.007820,0.007780,76.400003
high_voltage_probe_kit,2,15.305905,1788190261.625069,0,0,0.000000,0.000000,VIRTUAL_ESTIMATE,0,0,0.008319,0.008281,75.400003
high_voltage_probe_kit,2,15.458213,1788190261.777377,0,0,0.000000,0.000000,VIRTUAL_ESTIMATE,0,0,0.008522,0.008478,75.000004
high_voltage_probe_kit,2,15.601825,1788190261.920990,0,0,0.000000,0.000000,VIRTUAL_ESTIMATE,0,0,0.009021,0.008979,74.000003
high_voltage_probe_kit,2,15.843177,1788190262.162357,0,0,0.000000,0.000000,VIRTUAL_ESTIMATE,0,0,0.009321,0.009279,73.400003
high_voltage_probe_kit,2,15.996675,1788190262.315835,0,0,0.000000,0.000000,VIRTUAL_ESTIMATE,0,0,0.009820,0.009780,72.400003
high_voltage_probe_kit,2,16.171897,1788190262.491062,0,0,0.000000,0.000000,VIRTUAL_ESTIMATE,0,0,0.010320,0.010280,71.400003
high_voltage_probe_kit,2,16.314833,1788190262.633992,0,0,0.000000,0.000000,VIRTUAL_ESTIMATE,0,0,0.010821,0.010779,70.400003
high_voltage_probe_kit,2,16.458737,1788190262.777897,0,0,0.000000,0.000000,VIRTUAL_ESTIMATE,0,0,0.011019,0.010981,70.000003
high_voltage_probe_kit,2,16.603962,1788190262.923123,0,0,0.000000,0.000000,VIRTUAL_ESTIMATE,0,0,0.011320,0.011280,69.400003
high_voltage_probe_kit,2,16.761366,1788190263.080531,0,0,0.000000,0.000000,VIRTUAL_ESTIMATE,0,0,0.011819,0.011781,68.400003
high_voltage_probe_kit,2,16.918904,1788190263.238064,0,0,0.000000,0.000000,VIRTUAL_ESTIMATE,0,0,0.012022,0.011978,68.000003
high_voltage_probe_kit,2,17.077502,1788190263.396662,0,0,0.000000,0.000000,VIRTUAL_ESTIMATE,0,0,0.012521,0.012479,67.000003
high_voltage_probe_kit,2,17.241450,1788190263.560615,0,0,0.000000,0.000000,VIRTUAL_ESTIMATE,0,0,0.013021,0.012979,66.000003
high_voltage_probe_kit,2,17.389016,1788190263.708182,0,0,0.000000,0.000000,VIRTUAL_ESTIMATE,0,0,0.013320,0.013280,65.400003
high_voltage_probe_kit,2,17.533818,1788190263.852983,0,0,0.000000,0.000000,VIRTUAL_ESTIMATE,0,0,0.013520,0.013480,65.000003
high_voltage_probe_kit,2,17.686120,1788190264.005283,0,0,0.000000,0.000000,VIRTUAL_ESTIMATE,0,0,0.014021,0.013979,64.000003
high_voltage_probe_kit,2,17.839888,1788190264.159048,0,0,0.000000,0.000000,VIRTUAL_ESTIMATE,0,0,0.014319,0.014281,63.400003
high_voltage_probe_kit,2,17.992729,1788190264.311894,0,0,0.000000,0.000000,VIRTUAL_ESTIMATE,0,0,0.014821,0.014779,62.400003
high_voltage_probe_kit,2,18.163548,1788190264.482713,0,0,0.000000,0.000000,VIRTUAL_ESTIMATE,0,0,0.015019,0.014981,62.000003
high_voltage_probe_kit,2,18.313282,1788190264.632446,0,0,0.000000,0.000000,VIRTUAL_ESTIMATE,0,0,0.015522,0.015478,61.000003
high_voltage_probe_kit,2,18.463923,1788190264.783083,0,0,0.000000,0.000000,VIRTUAL_ESTIMATE,0,0,0.015821,0.015779,60.400003
high_voltage_probe_kit,2,18.614750,1788190264.933909,0,0,0.000000,0.000000,VIRTUAL_ESTIMATE,0,0,0.016321,0.016279,59.400003
high_voltage_probe_kit,2,18.775171,1788190265.094350,0,0,0.000000,0.000000,VIRTUAL_ESTIMATE,0,0,0.016520,0.016480,59.000003
high_voltage_probe_kit,2,18.939465,1788190265.258624,0,0,0.000000,0.000000,VIRTUAL_ESTIMATE,0,0,0.017020,0.016980,58.000003
high_voltage_probe_kit,2,19.095288,1788190265.414453,0,0,0.000000,0.000000,VIRTUAL_ESTIMATE,0,0,0.017522,0.017478,57.000003
high_voltage_probe_kit,2,19.269953,1788190265.589113,0,0,0.000000,0.000000,VIRTUAL_ESTIMATE,0,0,0.017820,0.017780,56.400003
high_voltage_probe_kit,2,19.422160,1788190265.741324,0,0,0.000000,0.000000,VIRTUAL_ESTIMATE,0,0,0.018321,0.018279,55.400003
high_voltage_probe_kit,2,19.576779,1788190265.895938,0,0,0.000000,0.000000,VIRTUAL_ESTIMATE,0,0,0.018519,0.018481,55.000002
high_voltage_probe_kit,2,19.734393,1788190266.053552,0,0,0.000000,0.000000,VIRTUAL_ESTIMATE,0,0,0.019021,0.018979,54.000003
high_voltage_probe_kit,2,19.897377,1788190266.216536,0,0,0.000000,0.000000,VIRTUAL_ESTIMATE,0,0,0.019321,0.019279,53.400003
high_voltage_probe_kit,2,20.053961,1788190266.373122,0,0,0.000000,0.000000,VIRTUAL_ESTIMATE,0,1,0.019821,0.019779,52.400003
high_voltage_probe_kit,2,20.232749,1788190266.551912,0,1,0.000000,20.000000,VIRTUAL_ESTIMATE,0,1,0.020321,0.019979,51.700003
high_voltage_probe_kit,2,20.386607,1788190266.705766,0,1,0.000000,20.000000,VIRTUAL_ESTIMATE,0,1,0.020521,0.019979,51.500003
high_voltage_probe_kit,2,20.542052,1788190266.861216,0,1,0.000000,20.000000,VIRTUAL_ESTIMATE,0,1,0.021020,0.019980,51.000002
high_voltage_probe_kit,2,20.702972,1788190267.022138,0,1,0.000000,20.000000,VIRTUAL_ESTIMATE,0,1,0.021320,0.019980,50.700002
high_voltage_probe_kit,2,20.877193,1788190267.196362,0,1,0.000000,20.000000,VIRTUAL_ESTIMATE,0,1,0.021821,0.019979,50.200002
high_voltage_probe_kit,2,21.038107,1788190267.357274,0,1,0.000000,20.000000,VIRTUAL_ESTIMATE,0,1,0.022321,0.019979,49.700002
high_voltage_probe_kit,2,21.200579,1788190267.519745,0,1,0.000000,20.000000,VIRTUAL_ESTIMATE,1,1,0.022521,0.019979,49.500003
high_voltage_probe_kit,2,21.356467,1788190267.675627,0,1,20.000000,20.000000,VIRTUAL_ESTIMATE,0,0,0.022596,0.020204,49.200043
high_voltage_probe_kit,2,21.485051,1788190267.804210,0,1,20.000000,20.000000,VIRTUAL_ESTIMATE,0,0,0.022606,0.020194,49.200036
high_voltage_probe_kit,2,21.619424,1788190267.938586,0,1,20.000000,20.000000,VIRTUAL_ESTIMATE,0,0,0.022606,0.020194,49.200036
high_voltage_probe_kit,2,21.760789,1788190268.079950,0,1,20.000000,20.000000,VIRTUAL_ESTIMATE,0,0,0.022605,0.020195,49.200036
high_voltage_probe_kit,2,21.910186,1788190268.229345,0,1,20.000000,20.000000,VIRTUAL_ESTIMATE,0,0,0.022609,0.020191,49.200034
high_voltage_probe_kit,2,22.056238,1788190268.375468,0,1,20.000000,20.000000,VIRTUAL_ESTIMATE,0,0,0.022610,0.020190,49.200034
high_voltage_probe_kit,2,22.199162,1788190268.518325,0,1,20.000000,20.000000,VIRTUAL_ESTIMATE,0,0,0.022609,0.020190,49.200034
high_voltage_probe_kit,2,22.358537,1788190268.677700,0,1,20.000000,20.000000,VIRTUAL_ESTIMATE,0,0,0.022606,0.020193,49.200036
high_voltage_probe_kit,2,22.495341,1788190268.814507,0,1,20.000000,20.000000,VIRTUAL_ESTIMATE,0,0,0.022606,0.020194,49.200036
high_voltage_probe_kit,2,22.635442,1788190268.954605,0,1,20.000000,20.000000,VIRTUAL_ESTIMATE,0,0,0.022606,0.020194,49.200036
high_voltage_probe_kit,2,22.773693,1788190269.092852,0,1,20.000000,20.000000,VIRTUAL_ESTIMATE,0,0,0.022604,0.020196,49.200037
high_voltage_probe_kit,2,22.926438,1788190269.245599,0,1,20.000000,20.000000,VIRTUAL_ESTIMATE,0,0,0.022604,0.020196,49.200037
high_voltage_probe_kit,2,23.070828,1788190269.389989,0,1,20.000000,20.000000,VIRTUAL_ESTIMATE,0,0,0.022604,0.020196,49.200037
high_voltage_probe_kit,2,23.214084,1788190269.533244,0,1,20.000000,20.000000,VIRTUAL_ESTIMATE,0,0,0.022602,0.020198,49.200038
high_voltage_probe_kit,2,23.371898,1788190269.691057,0,1,20.000000,20.000000,VIRTUAL_ESTIMATE,0,0,0.022603,0.020197,49.200037
high_voltage_probe_kit,2,23.512820,1788190269.831983,0,1,20.000000,20.000000,VIRTUAL_ESTIMATE,0,0,0.022604,0.020196,49.200037
high_voltage_probe_kit,2,23.666636,1788190269.985800,0,1,20.000000,20.000000,VIRTUAL_ESTIMATE,0,0,0.022601,0.020199,49.200038
high_voltage_probe_kit,2,23.816487,1788190270.135647,0,1,20.000000,20.000000,VIRTUAL_ESTIMATE,0,0,0.022603,0.020197,49.200037
high_voltage_probe_kit,2,23.959081,1788190270.278248,0,1,20.000000,20.000000,VIRTUAL_ESTIMATE,0,0,0.022608,0.020192,49.200034
high_voltage_probe_kit,2,24.096356,1788190270.415520,0,1,20.000000,20.000000,VIRTUAL_ESTIMATE,0,0,0.022610,0.020190,49.200032
high_voltage_probe_kit,2,24.233419,1788190270.552578,0,1,20.000000,20.000000,VIRTUAL_ESTIMATE,0,0,0.022615,0.020185,49.200029
high_voltage_probe_kit,2,24.390352,1788190270.709512,0,1,20.000000,20.000000,VIRTUAL_ESTIMATE,0,0,0.022610,0.020190,49.200033
high_voltage_probe_kit,2,24.534688,1788190270.853849,0,1,20.000000,20.000000,VIRTUAL_ESTIMATE,0,0,0.022617,0.020183,49.200029
high_voltage_probe_kit,2,24.685299,1788190271.004461,0,1,20.000000,20.000000,VIRTUAL_ESTIMATE,0,0,0.022613,0.020187,49.200030
high_voltage_probe_kit,2,24.829776,1788190271.148942,0,1,20.000000,20.000000,VIRTUAL_ESTIMATE,0,0,0.022618,0.020182,49.200028
high_voltage_probe_kit,2,24.975279,1788190271.294443,0,1,20.000000,20.000000,VIRTUAL_ESTIMATE,0,0,0.022616,0.020184,49.200029
high_voltage_probe_kit,2,25.123023,1788190271.442186,0,1,20.000000,20.000000,VIRTUAL_ESTIMATE,0,0,0.022613,0.020187,49.200030
high_voltage_probe_kit,2,25.261808,1788190271.580976,0,1,20.000000,20.000000,VIRTUAL_ESTIMATE,0,0,0.022617,0.020183,49.200029
high_voltage_probe_kit,2,25.415837,1788190271.734997,0,1,20.000000,20.000000,VIRTUAL_ESTIMATE,0,0,0.022614,0.020186,49.200030
high_voltage_probe_kit,2,25.569926,1788190271.889092,0,1,20.000000,20.000000,VIRTUAL_ESTIMATE,0,0,0.022612,0.020188,49.200031
high_voltage_probe_kit,2,25.717680,1788190272.036840,0,1,20.000000,20.000000,VIRTUAL_ESTIMATE,0,0,0.022615,0.020185,49.200029
high_voltage_probe_kit,2,25.860503,1788190272.179664,0,1,20.000000,20.000000,VIRTUAL_ESTIMATE,0,0,0.022612,0.020188,49.200031
high_voltage_probe_kit,2,26.020459,1788190272.339618,0,1,20.000000,20.000000,VIRTUAL_ESTIMATE,0,0,0.022610,0.020190,49.200032
high_voltage_probe_kit,2,26.166037,1788190272.485197,0,1,20.000000,20.000000,VIRTUAL_ESTIMATE,0,0,0.022612,0.020187,49.200030
high_voltage_probe_kit,2,26.311545,1788190272.630710,0,1,20.000000,20.000000,VIRTUAL_ESTIMATE,0,0,0.022610,0.020190,49.200032
high_voltage_probe_kit,2,26.477051,1788190272.796211,0,1,20.000000,20.000000,VIRTUAL_ESTIMATE,0,0,0.022607,0.020193,49.200033
high_voltage_probe_kit,2,26.639537,1788190272.958696,0,1,20.000000,20.000000,VIRTUAL_ESTIMATE,0,0,0.022610,0.020190,49.200032
high_voltage_probe_kit,2,26.792199,1788190273.111365,0,1,20.000000,20.000000,VIRTUAL_ESTIMATE,0,0,0.022607,0.020193,49.200033
high_voltage_probe_kit,2,26.946484,1788190273.265647,0,1,20.000000,20.000000,VIRTUAL_ESTIMATE,0,0,0.022604,0.020195,49.200034
high_voltage_probe_kit,2,27.103750,1788190273.422913,0,1,20.000000,20.000000,VIRTUAL_ESTIMATE,0,0,0.022607,0.020193,49.200033
high_voltage_probe_kit,2,27.254376,1788190273.573539,0,1,20.000000,20.000000,VIRTUAL_ESTIMATE,0,0,0.022605,0.020195,49.200034
high_voltage_probe_kit,2,27.415038,1788190273.734202,0,1,20.000000,20.000000,VIRTUAL_ESTIMATE,0,0,0.022602,0.020198,49.200036
high_voltage_probe_kit,2,27.567112,1788190273.886274,0,1,20.000000,20.000000,VIRTUAL_ESTIMATE,0,0,0.022605,0.020195,49.200034
high_voltage_probe_kit,2,27.721225,1788190274.040389,0,1,20.000000,20.000000,VIRTUAL_ESTIMATE,0,0,0.022602,0.020198,49.200035
high_voltage_probe_kit,2,27.867604,1788190274.186763,0,1,20.000000,20.000000,VIRTUAL_ESTIMATE,0,0,0.022599,0.020200,49.200037
high_voltage_probe_kit,2,28.026930,1788190274.346098,0,1,20.000000,20.000000,VIRTUAL_ESTIMATE,0,0,0.022602,0.020198,49.200035
high_voltage_probe_kit,2,28.166735,1788190274.485895,0,1,20.000000,20.000000,VIRTUAL_ESTIMATE,0,0,0.022600,0.020200,49.200037
high_voltage_probe_kit,2,28.301226,1788190274.620386,0,1,20.000000,20.000000,VIRTUAL_ESTIMATE,0,0,0.022597,0.020203,49.200038
high_voltage_probe_kit,2,28.447621,1788190274.766782,0,1,20.000000,20.000000,VIRTUAL_ESTIMATE,0,0,0.022600,0.020200,49.200036
high_voltage_probe_kit,3,0.156240,1788190320.306216,0,0,0.000000,0.000000,VIRTUAL_ESTIMATE,0,0,0.000024,-0.000000,91.976463
high_voltage_probe_kit,3,0.322569,1788190320.472545,0,0,0.000000,0.000000,VIRTUAL_ESTIMATE,0,0,0.000022,-0.000000,91.977915
high_voltage_probe_kit,3,0.475469,1788190320.625450,0,0,0.000000,0.000000,VIRTUAL_ESTIMATE,0,0,0.000025,-0.000025,92.000006
high_voltage_probe_kit,3,0.620248,1788190320.770223,0,0,0.000000,0.000000,VIRTUAL_ESTIMATE,0,0,0.000024,-0.000024,92.000006
high_voltage_probe_kit,3,0.766112,1788190320.916091,0,0,0.000000,0.000000,VIRTUAL_ESTIMATE,0,0,0.000025,-0.000025,92.000006
high_voltage_probe_kit,3,0.907679,1788190321.057660,0,0,0.000000,0.000000,VIRTUAL_ESTIMATE,0,0,0.000023,-0.000023,92.000005
high_voltage_probe_kit,3,1.067236,1788190321.217209,0,0,0.000000,0.000000,VIRTUAL_ESTIMATE,0,0,0.000023,-0.000000,91.977486
high_voltage_probe_kit,3,1.214427,1788190321.364403,0,0,0.000000,0.000000,VIRTUAL_ESTIMATE,0,0,0.000023,-0.000023,92.000005
high_voltage_probe_kit,3,1.371745,1788190321.521728,0,0,0.000000,0.000000,VIRTUAL_ESTIMATE,0,0,0.000024,-0.000024,92.000006
high_voltage_probe_kit,3,1.516394,1788190321.666370,0,0,0.000000,0.000000,VIRTUAL_ESTIMATE,0,0,0.000021,-0.000000,91.978788
high_voltage_probe_kit,3,1.667416,1788190321.817393,0,0,0.000000,0.000000,VIRTUAL_ESTIMATE,0,0,0.000024,-0.000024,92.000006
high_voltage_probe_kit,3,1.808799,1788190321.958774,0,0,0.000000,0.000000,VIRTUAL_ESTIMATE,0,0,0.000023,-0.000023,92.000005
high_voltage_probe_kit,3,1.947328,1788190322.097323,0,0,0.000000,0.000000,VIRTUAL_ESTIMATE,0,0,0.000025,-0.000025,92.000006
high_voltage_probe_kit,3,2.101267,1788190322.251246,0,0,0.000000,0.000000,VIRTUAL_ESTIMATE,0,0,0.000023,0.000000,91.976739
high_voltage_probe_kit,3,2.240507,1788190322.390483,0,0,0.000000,0.000000,VIRTUAL_ESTIMATE,0,0,0.000022,-0.000000,91.978256
high_voltage_probe_kit,3,2.394815,1788190322.544788,0,0,0.000000,0.000000,VIRTUAL_ESTIMATE,0,0,0.000023,0.000000,91.976995
high_voltage_probe_kit,3,2.539257,1788190322.689238,0,0,0.000000,0.000000,VIRTUAL_ESTIMATE,0,0,0.000023,-0.000000,91.977425
high_voltage_probe_kit,3,2.688678,1788190322.838654,0,0,0.000000,0.000000,VIRTUAL_ESTIMATE,0,0,0.000025,-0.000025,92.000007
high_voltage_probe_kit,3,2.834384,1788190322.984366,0,0,0.000000,0.000000,VIRTUAL_ESTIMATE,0,0,0.000024,-0.000024,92.000006
high_voltage_probe_kit,3,2.974632,1788190323.124614,0,0,0.000000,0.000000,VIRTUAL_ESTIMATE,0,0,0.000023,-0.000023,92.000006
high_voltage_probe_kit,3,3.129988,1788190323.279964,0,0,0.000000,0.000000,VIRTUAL_ESTIMATE,0,0,0.000022,-0.000000,91.978352
high_voltage_probe_kit,3,3.272787,1788190323.422764,0,0,0.000000,0.000000,VIRTUAL_ESTIMATE,0,0,0.000021,-0.000000,91.979068
high_voltage_probe_kit,3,3.433836,1788190323.583812,0,0,0.000000,0.000000,VIRTUAL_ESTIMATE,0,0,0.000021,-0.000000,91.979419
high_voltage_probe_kit,3,3.589346,1788190323.739325,0,0,0.000000,0.000000,VIRTUAL_ESTIMATE,0,0,0.000021,0.000000,91.978876
high_voltage_probe_kit,3,3.729513,1788190323.879491,0,0,0.000000,0.000000,VIRTUAL_ESTIMATE,0,0,0.000021,0.000000,91.979279
high_voltage_probe_kit,3,3.891768,1788190324.041745,0,0,0.000000,0.000000,VIRTUAL_ESTIMATE,0,0,0.000021,-0.000000,91.978808
high_voltage_probe_kit,3,4.045496,1788190324.195471,0,0,0.000000,0.000000,VIRTUAL_ESTIMATE,0,0,0.000020,-0.000000,91.979551
high_voltage_probe_kit,3,4.199047,1788190324.349023,0,0,0.000000,0.000000,VIRTUAL_ESTIMATE,0,0,0.000023,-0.000023,92.000006
high_voltage_probe_kit,3,4.341347,1788190324.491323,0,0,0.000000,0.000000,VIRTUAL_ESTIMATE,0,0,0.000021,-0.000000,91.979301
high_voltage_probe_kit,3,4.503095,1788190324.653074,0,0,0.000000,0.000000,VIRTUAL_ESTIMATE,0,0,0.000020,-0.000000,91.980133
high_voltage_probe_kit,3,4.652912,1788190324.802891,0,0,0.000000,0.000000,VIRTUAL_ESTIMATE,0,0,0.000020,-0.000000,91.980307
high_voltage_probe_kit,3,4.805022,1788190324.954998,0,0,0.000000,0.000000,VIRTUAL_ESTIMATE,0,0,0.000021,-0.000021,92.000005
high_voltage_probe_kit,3,4.952374,1788190325.102350,0,0,0.000000,0.000000,VIRTUAL_ESTIMATE,0,0,0.000021,-0.000021,92.000005
high_voltage_probe_kit,3,5.106455,1788190325.256435,0,0,0.000000,0.000000,VIRTUAL_ESTIMATE,0,0,0.000019,-0.000000,91.980739
high_voltage_probe_kit,3,5.252447,1788190325.402426,0,0,0.000000,0.000000,VIRTUAL_ESTIMATE,0,0,0.000020,-0.000020,92.000005
high_voltage_probe_kit,3,5.401084,1788190325.551061,0,0,0.000000,0.000000,VIRTUAL_ESTIMATE,0,0,0.000021,-0.000021,92.000005
high_voltage_probe_kit,3,5.545463,1788190325.695442,0,0,0.000000,0.000000,VIRTUAL_ESTIMATE,0,0,0.000019,-0.000000,91.980846
high_voltage_probe_kit,3,5.693593,1788190325.843569,0,0,0.000000,0.000000,VIRTUAL_ESTIMATE,0,0,0.000020,-0.000020,92.000005
high_voltage_probe_kit,3,5.844698,1788190325.994677,0,0,0.000000,0.000000,VIRTUAL_ESTIMATE,0,0,0.000019,-0.000000,91.981187
high_voltage_probe_kit,3,5.993491,1788190326.143467,0,0,0.000000,0.000000,VIRTUAL_ESTIMATE,0,0,0.000019,0.000000,91.980876
high_voltage_probe_kit,3,6.152415,1788190326.302391,0,0,0.000000,0.000000,VIRTUAL_ESTIMATE,0,0,0.000020,-0.000020,92.000005
high_voltage_probe_kit,3,6.299747,1788190326.449727,0,0,0.000000,0.000000,VIRTUAL_ESTIMATE,0,0,0.000020,-0.000020,92.000005
high_voltage_probe_kit,3,6.458176,1788190326.608157,0,0,0.000000,0.000000,VIRTUAL_ESTIMATE,0,0,0.000019,-0.000000,91.981022
high_voltage_probe_kit,3,6.598610,1788190326.748587,0,0,0.000000,0.000000,VIRTUAL_ESTIMATE,0,0,0.000020,-0.000020,92.000005
high_voltage_probe_kit,3,6.744971,1788190326.894948,0,0,0.000000,0.000000,VIRTUAL_ESTIMATE,0,0,0.000020,-0.000020,92.000005
high_voltage_probe_kit,3,6.887418,1788190327.037397,0,0,0.000000,0.000000,VIRTUAL_ESTIMATE,0,0,0.000021,-0.000021,92.000005
high_voltage_probe_kit,3,7.027542,1788190327.177521,0,0,0.000000,0.000000,VIRTUAL_ESTIMATE,0,0,0.000018,-0.000000,91.981815
high_voltage_probe_kit,3,7.183634,1788190327.333613,0,0,0.000000,0.000000,VIRTUAL_ESTIMATE,0,0,0.000018,-0.000000,91.981814
high_voltage_probe_kit,3,7.327641,1788190327.477620,0,0,0.000000,0.000000,VIRTUAL_ESTIMATE,0,0,0.000019,-0.000000,91.981448
high_voltage_probe_kit,3,7.490224,1788190327.640201,0,0,0.000000,0.000000,VIRTUAL_ESTIMATE,0,0,0.000020,-0.000020,92.000005
high_voltage_probe_kit,3,7.640045,1788190327.790028,0,0,0.000000,0.000000,VIRTUAL_ESTIMATE,0,0,0.000019,-0.000019,92.000005
high_voltage_probe_kit,3,7.782586,1788190327.932562,0,0,0.000000,0.000000,VIRTUAL_ESTIMATE,0,0,0.000020,-0.000020,92.000005
high_voltage_probe_kit,3,7.930426,1788190328.080402,0,0,0.000000,0.000000,VIRTUAL_ESTIMATE,0,0,0.000019,-0.000019,92.000004
high_voltage_probe_kit,3,8.075038,1788190328.225014,0,0,0.000000,0.000000,VIRTUAL_ESTIMATE,0,0,0.000017,-0.000000,91.983285
high_voltage_probe_kit,3,8.220981,1788190328.370959,0,0,0.000000,0.000000,VIRTUAL_ESTIMATE,0,0,0.000019,-0.000019,92.000004
high_voltage_probe_kit,3,8.365989,1788190328.515965,0,0,0.000000,0.000000,VIRTUAL_ESTIMATE,0,0,0.000016,-0.000000,91.983622
high_voltage_probe_kit,3,8.527428,1788190328.677409,0,0,0.000000,0.000000,VIRTUAL_ESTIMATE,0,0,0.000018,-0.000018,92.000004
high_voltage_probe_kit,3,8.679138,1788190328.829116,0,0,0.000000,0.000000,VIRTUAL_ESTIMATE,0,0,0.000016,-0.000016,92.000003
high_voltage_probe_kit,3,8.821807,1788190328.971788,0,0,0.000000,0.000000,VIRTUAL_ESTIMATE,0,0,0.000012,0.000000,91.988116
high_voltage_probe_kit,3,8.964981,1788190329.114957,0,0,0.000000,0.000000,VIRTUAL_ESTIMATE,0,0,0.000013,0.000000,91.987098
high_voltage_probe_kit,3,9.108517,1788190329.258492,0,0,0.000000,0.000000,VIRTUAL_ESTIMATE,0,0,0.000014,-0.000014,92.000002
high_voltage_probe_kit,3,9.253777,1788190329.403756,0,0,0.000000,0.000000,VIRTUAL_ESTIMATE,0,0,0.000014,-0.000014,92.000002
high_voltage_probe_kit,3,9.390454,1788190329.540434,0,0,0.000000,0.000000,VIRTUAL_ESTIMATE,0,0,0.000013,-0.000013,92.000002
high_voltage_probe_kit,3,9.541453,1788190329.691428,0,0,0.000000,0.000000,VIRTUAL_ESTIMATE,0,0,0.000011,0.000000,91.988969
high_voltage_probe_kit,3,9.684173,1788190329.834153,0,0,0.000000,0.000000,VIRTUAL_ESTIMATE,0,0,0.000011,0.000000,91.989471
high_voltage_probe_kit,3,9.819912,1788190329.969893,0,0,0.000000,0.000000,VIRTUAL_ESTIMATE,0,0,0.000011,-0.000011,92.000002
high_voltage_probe_kit,3,9.957037,1788190330.107013,0,0,0.000000,0.000000,VIRTUAL_ESTIMATE,0,0,0.000012,-0.000012,92.000002
high_voltage_probe_kit,3,10.101991,1788190330.251972,0,0,0.000000,0.000000,VIRTUAL_ESTIMATE,0,0,0.000011,-0.000000,91.988592
high_voltage_probe_kit,3,10.242847,1788190330.392823,0,0,0.000000,0.000000,VIRTUAL_ESTIMATE,0,0,0.000011,0.000000,91.988567
high_voltage_probe_kit,3,10.381582,1788190330.531560,0,0,0.000000,0.000000,VIRTUAL_ESTIMATE,0,0,0.000013,-0.000013,92.000002
high_voltage_probe_kit,3,10.551959,1788190330.701938,0,0,0.000000,0.000000,VIRTUAL_ESTIMATE,0,0,0.000011,-0.000011,92.000002
high_voltage_probe_kit,3,10.699606,1788190330.849586,0,0,0.000000,0.000000,VIRTUAL_ESTIMATE,0,0,0.000011,-0.000011,92.000002
high_voltage_probe_kit,3,10.843142,1788190330.993120,0,0,0.000000,0.000000,VIRTUAL_ESTIMATE,0,0,0.000012,-0.000012,92.000002
high_voltage_probe_kit,3,10.981032,1788190331.131012,0,0,0.000000,0.000000,VIRTUAL_ESTIMATE,0,0,0.000014,-0.000014,92.000002
high_voltage_probe_kit,3,11.117626,1788190331.267605,0,0,0.000000,0.000000,VIRTUAL_ESTIMATE,0,0,0.000010,0.000000,91.989548
high_voltage_probe_kit,3,11.256567,1788190331.406545,0,0,0.000000,0.000000,VIRTUAL_ESTIMATE,0,0,0.000012,-0.000000,91.987909
high_voltage_probe_kit,3,11.394148,1788190331.544124,0,0,0.000000,0.000000,VIRTUAL_ESTIMATE,0,0,0.000012,-0.000000,91.988146
high_voltage_probe_kit,3,11.544349,1788190331.694326,0,0,0.000000,0.000000,VIRTUAL_ESTIMATE,0,0,0.000012,-0.000012,92.000002
high_voltage_probe_kit,3,11.687513,1788190331.837489,0,0,0.000000,0.000000,VIRTUAL_ESTIMATE,0,0,0.000013,-0.000013,92.000002
high_voltage_probe_kit,3,11.835424,1788190331.985399,0,0,0.000000,0.000000,VIRTUAL_ESTIMATE,0,0,0.000014,-0.000014,92.000003
high_voltage_probe_kit,3,11.985387,1788190332.135363,0,0,0.000000,0.000000,VIRTUAL_ESTIMATE,0,0,0.000014,-0.000014,92.000003
high_voltage_probe_kit,3,12.124402,1788190332.274379,0,0,0.000000,0.000000,VIRTUAL_ESTIMATE,0,0,0.000014,-0.000014,92.000003
high_voltage_probe_kit,3,12.267689,1788190332.417664,0,0,0.000000,0.000000,VIRTUAL_ESTIMATE,0,0,0.000014,0.000000,91.985616
high_voltage_probe_kit,3,12.397300,1788190332.547276,0,0,0.000000,0.000000,VIRTUAL_ESTIMATE,0,0,0.000014,0.000000,91.985960
high_voltage_probe_kit,3,12.543123,1788190332.693103,0,0,0.000000,0.000000,VIRTUAL_ESTIMATE,0,0,0.000017,-0.000017,92.000003
high_voltage_probe_kit,3,12.682109,1788190332.832088,0,0,0.000000,0.000000,VIRTUAL_ESTIMATE,0,0,0.000015,0.000000,91.985195
high_voltage_probe_kit,3,12.877104,1788190333.027083,0,0,0.000000,0.000000,VIRTUAL_ESTIMATE,0,0,0.000016,0.000000,91.983852
high_voltage_probe_kit,3,13.025508,1788190333.175484,0,0,0.000000,0.000000,VIRTUAL_ESTIMATE,0,0,0.000015,0.000000,91.984907
high_voltage_probe_kit,3,13.172347,1788190333.322323,0,0,0.000000,0.000000,VIRTUAL_ESTIMATE,0,0,0.000017,-0.000017,92.000003
high_voltage_probe_kit,3,13.306895,1788190333.456875,0,0,0.000000,0.000000,VIRTUAL_ESTIMATE,0,0,0.000016,0.000000,91.984088
high_voltage_probe_kit,3,13.462309,1788190333.612289,0,0,0.000000,0.000000,VIRTUAL_ESTIMATE,0,0,0.000016,0.000000,91.983680
high_voltage_probe_kit,3,13.606258,1788190333.756238,0,0,0.000000,0.000000,VIRTUAL_ESTIMATE,0,0,0.000018,-0.000018,92.000004
high_voltage_probe_kit,3,13.740744,1788190333.890724,0,0,0.000000,0.000000,VIRTUAL_ESTIMATE,0,0,0.000019,-0.000019,92.000004
high_voltage_probe_kit,3,13.877278,1788190334.027255,0,0,0.000000,0.000000,VIRTUAL_ESTIMATE,0,0,0.000018,0.000000,91.982389
high_voltage_probe_kit,3,14.016080,1788190334.166059,0,0,0.000000,0.000000,VIRTUAL_ESTIMATE,0,0,0.000018,0.000000,91.982232
high_voltage_probe_kit,3,14.163474,1788190334.313450,0,0,0.000000,0.000000,VIRTUAL_ESTIMATE,0,0,0.000019,-0.000019,92.000004
high_voltage_probe_kit,3,14.313152,1788190334.463129,0,0,0.000000,0.000000,VIRTUAL_ESTIMATE,0,0,0.000018,-0.000018,92.000004
high_voltage_probe_kit,3,14.469464,1788190334.619441,0,0,0.000000,0.000000,VIRTUAL_ESTIMATE,0,0,0.000020,-0.000020,92.000004
high_voltage_probe_kit,3,14.622093,1788190334.772073,0,0,0.000000,0.000000,VIRTUAL_ESTIMATE,0,0,0.000019,-0.000019,92.000004
high_voltage_probe_kit,3,14.769406,1788190334.919381,0,0,0.000000,0.000000,VIRTUAL_ESTIMATE,0,0,0.000018,-0.000018,92.000004
high_voltage_probe_kit,3,14.908370,1788190335.058352,0,0,0.000000,0.000000,VIRTUAL_ESTIMATE,0,0,0.000020,-0.000020,92.000004
high_voltage_probe_kit,3,15.045646,1788190335.195626,0,0,0.000000,0.000000,VIRTUAL_ESTIMATE,0,0,0.000018,0.000000,91.982412
high_voltage_probe_kit,3,15.193916,1788190335.343894,0,0,0.000000,0.000000,VIRTUAL_ESTIMATE,0,0,0.000019,-0.000019,92.000004
high_voltage_probe_kit,3,15.345077,1788190335.495054,0,0,0.000000,0.000000,VIRTUAL_ESTIMATE,0,0,0.000018,0.000000,91.981486
high_voltage_probe_kit,3,15.502483,1788190335.652465,0,0,0.000000,0.000000,VIRTUAL_ESTIMATE,0,0,0.000018,0.000000,91.982386
high_voltage_probe_kit,3,15.651271,1788190335.801251,0,0,0.000000,0.000000,VIRTUAL_ESTIMATE,0,0,0.000019,-0.000019,92.000004
high_voltage_probe_kit,3,15.817476,1788190335.967456,0,0,0.000000,0.000000,VIRTUAL_ESTIMATE,0,0,0.006320,0.006280,79.400004
high_voltage_probe_kit,3,15.977044,1788190336.127021,0,0,0.000000,0.000000,VIRTUAL_ESTIMATE,0,0,0.006819,0.006781,78.400004
high_voltage_probe_kit,3,16.126905,1788190336.276882,0,0,0.000000,0.000000,VIRTUAL_ESTIMATE,0,0,0.007019,0.006981,78.000004
high_voltage_probe_kit,3,16.285849,1788190336.435829,0,0,0.000000,0.000000,VIRTUAL_ESTIMATE,0,0,0.007520,0.007480,77.000004
high_voltage_probe_kit,3,16.429593,1788190336.579569,0,0,0.000000,0.000000,VIRTUAL_ESTIMATE,0,0,0.007819,0.007781,76.400004
high_voltage_probe_kit,3,16.594587,1788190336.744564,0,0,0.000000,0.000000,VIRTUAL_ESTIMATE,0,0,0.008019,0.007981,76.000003
high_voltage_probe_kit,3,16.748665,1788190336.898646,0,0,0.000000,0.000000,VIRTUAL_ESTIMATE,0,0,0.008520,0.008480,75.000004
high_voltage_probe_kit,3,16.909189,1788190337.059165,0,0,0.000000,0.000000,VIRTUAL_ESTIMATE,0,0,0.009019,0.008981,74.000004
high_voltage_probe_kit,3,17.055408,1788190337.205384,0,0,0.000000,0.000000,VIRTUAL_ESTIMATE,0,0,0.009319,0.009281,73.400003
high_voltage_probe_kit,3,17.215983,1788190337.365965,0,0,0.000000,0.000000,VIRTUAL_ESTIMATE,0,0,0.009820,0.009780,72.400004
high_voltage_probe_kit,3,17.372879,1788190337.522861,0,0,0.000000,0.000000,VIRTUAL_ESTIMATE,0,0,0.010019,0.009981,72.000003
high_voltage_probe_kit,3,17.514872,1788190337.664853,0,0,0.000000,0.000000,VIRTUAL_ESTIMATE,0,0,0.010519,0.010481,71.000003
high_voltage_probe_kit,3,17.677051,1788190337.827029,0,0,0.000000,0.000000,VIRTUAL_ESTIMATE,0,0,0.010820,0.010780,70.400004
high_voltage_probe_kit,3,17.832056,1788190337.982032,0,0,0.000000,0.000000,VIRTUAL_ESTIMATE,0,0,0.011319,0.011281,69.400003
high_voltage_probe_kit,3,17.984329,1788190338.134315,0,0,0.000000,0.000000,VIRTUAL_ESTIMATE,0,0,0.011519,0.011481,69.000003
high_voltage_probe_kit,3,18.132962,1788190338.282938,0,0,0.000000,0.000000,VIRTUAL_ESTIMATE,0,0,0.012020,0.011980,68.000004
high_voltage_probe_kit,3,18.287405,1788190338.437382,0,0,0.000000,0.000000,VIRTUAL_ESTIMATE,0,0,0.012319,0.012281,67.400003
high_voltage_probe_kit,3,18.434873,1788190338.584849,0,0,0.000000,0.000000,VIRTUAL_ESTIMATE,0,0,0.012819,0.012781,66.400003
high_voltage_probe_kit,3,18.599435,1788190338.749411,0,0,0.000000,0.000000,VIRTUAL_ESTIMATE,0,0,0.013020,0.012980,66.000003
high_voltage_probe_kit,3,18.746300,1788190338.896276,0,0,0.000000,0.000000,VIRTUAL_ESTIMATE,0,0,0.013519,0.013481,65.000003
high_voltage_probe_kit,3,18.900167,1788190339.050144,0,0,0.000000,0.000000,VIRTUAL_ESTIMATE,0,0,0.013819,0.013781,64.400003
high_voltage_probe_kit,3,19.043074,1788190339.193055,0,0,0.000000,0.000000,VIRTUAL_ESTIMATE,0,0,0.014320,0.014280,63.400003
high_voltage_probe_kit,3,19.187822,1788190339.337799,0,0,0.000000,0.000000,VIRTUAL_ESTIMATE,0,0,0.014519,0.014481,63.000003
high_voltage_probe_kit,3,19.344469,1788190339.494447,0,0,0.000000,0.000000,VIRTUAL_ESTIMATE,0,0,0.014819,0.014781,62.400003
high_voltage_probe_kit,3,19.492507,1788190339.642483,0,0,0.000000,0.000000,VIRTUAL_ESTIMATE,0,0,0.015320,0.015280,61.400003
high_voltage_probe_kit,3,19.666536,1788190339.816516,0,0,0.000000,0.000000,VIRTUAL_ESTIMATE,0,0,0.015519,0.015481,61.000003
high_voltage_probe_kit,3,19.823042,1788190339.973022,0,0,0.000000,0.000000,VIRTUAL_ESTIMATE,0,0,0.016019,0.015981,60.000003
high_voltage_probe_kit,3,19.987509,1788190340.137490,0,0,0.000000,0.000000,VIRTUAL_ESTIMATE,0,0,0.016520,0.016480,59.000003
high_voltage_probe_kit,3,20.128071,1788190340.278052,0,0,0.000000,0.000000,VIRTUAL_ESTIMATE,0,0,0.016819,0.016781,58.400003
high_voltage_probe_kit,3,20.277344,1788190340.427319,0,0,0.000000,0.000000,VIRTUAL_ESTIMATE,0,0,0.017319,0.017281,57.400003
high_voltage_probe_kit,3,20.434631,1788190340.584607,0,0,0.000000,0.000000,VIRTUAL_ESTIMATE,0,0,0.017520,0.017480,57.000003
high_voltage_probe_kit,3,20.582588,1788190340.732565,0,0,0.000000,0.000000,VIRTUAL_ESTIMATE,0,0,0.018019,0.017981,56.000003
high_voltage_probe_kit,3,20.747417,1788190340.897393,0,0,0.000000,0.000000,VIRTUAL_ESTIMATE,0,0,0.018319,0.018281,55.400003
high_voltage_probe_kit,3,20.909704,1788190341.059683,0,0,0.000000,0.000000,VIRTUAL_ESTIMATE,0,0,0.018820,0.018780,54.400003
high_voltage_probe_kit,3,21.065859,1788190341.215836,0,0,0.000000,0.000000,VIRTUAL_ESTIMATE,0,0,0.019019,0.018981,54.000003
high_voltage_probe_kit,3,21.209011,1788190341.358993,0,0,0.000000,0.000000,VIRTUAL_ESTIMATE,0,0,0.019519,0.019481,53.000003
high_voltage_probe_kit,3,21.357234,1788190341.507211,0,0,0.000000,0.000000,VIRTUAL_ESTIMATE,0,0,0.019820,0.019780,52.400003
high_voltage_probe_kit,3,21.497827,1788190341.647807,0,0,0.000000,0.000000,VIRTUAL_ESTIMATE,0,0,0.020319,0.020281,51.400003
high_voltage_probe_kit,3,21.657015,1788190341.806990,0,0,0.000000,0.000000,VIRTUAL_ESTIMATE,0,0,0.020519,0.020481,51.000003
high_voltage_probe_kit,3,21.817061,1788190341.967043,0,0,0.000000,20.000000,VIRTUAL_ESTIMATE,0,1,0.021020,0.020980,50.000003
high_voltage_probe_kit,3,21.977899,1788190342.127875,0,1,0.000000,20.000000,VIRTUAL_ESTIMATE,0,1,0.021319,0.020981,49.700003
high_voltage_probe_kit,3,22.132833,1788190342.282808,0,1,20.000000,20.000000,VIRTUAL_ESTIMATE,0,0,0.021442,0.021358,49.200168
high_voltage_probe_kit,3,22.282686,1788190342.432665,0,1,20.000000,20.000000,VIRTUAL_ESTIMATE,0,0,0.021452,0.021348,49.200153
high_voltage_probe_kit,3,22.417848,1788190342.567831,0,1,20.000000,20.000000,VIRTUAL_ESTIMATE,0,0,0.021460,0.021340,49.200141
high_voltage_probe_kit,3,22.554730,1788190342.704711,0,1,20.000000,20.000000,VIRTUAL_ESTIMATE,0,0,0.021464,0.021336,49.200135
high_voltage_probe_kit,3,22.711199,1788190342.861175,0,1,20.000000,20.000000,VIRTUAL_ESTIMATE,0,0,0.021470,0.021330,49.200126
high_voltage_probe_kit,3,22.853803,1788190343.003780,0,1,20.000000,20.000000,VIRTUAL_ESTIMATE,0,0,0.021471,0.021329,49.200126
high_voltage_probe_kit,3,22.995574,1788190343.145551,0,1,20.000000,20.000000,VIRTUAL_ESTIMATE,0,0,0.021474,0.021326,49.200124
high_voltage_probe_kit,3,23.140011,1788190343.290022,0,1,20.000000,20.000000,VIRTUAL_ESTIMATE,0,0,0.021472,0.021328,49.200125
high_voltage_probe_kit,3,23.303000,1788190343.452980,0,1,20.000000,20.000000,VIRTUAL_ESTIMATE,0,0,0.021469,0.021331,49.200130
high_voltage_probe_kit,3,23.447421,1788190343.597398,0,1,20.000000,20.000000,VIRTUAL_ESTIMATE,0,0,0.021467,0.021333,49.200132
high_voltage_probe_kit,3,23.590679,1788190343.740655,0,1,20.000000,20.000000,VIRTUAL_ESTIMATE,0,0,0.021468,0.021332,49.200131
high_voltage_probe_kit,3,23.757522,1788190343.907497,0,1,20.000000,20.000000,VIRTUAL_ESTIMATE,0,0,0.021467,0.021333,49.200132
high_voltage_probe_kit,3,23.907353,1788190344.057329,0,1,20.000000,20.000000,VIRTUAL_ESTIMATE,0,0,0.021464,0.021336,49.200135
high_voltage_probe_kit,3,24.048805,1788190344.198785,0,1,20.000000,20.000000,VIRTUAL_ESTIMATE,0,0,0.021463,0.021337,49.200136
high_voltage_probe_kit,3,24.189805,1788190345.301091,0,1,20.000000,20.000000,VIRTUAL_ESTIMATE,0,0,0.021467,0.021333,49.200131
high_voltage_probe_kit,3,24.340191,1788190345.451477,0,1,20.000000,20.000000,VIRTUAL_ESTIMATE,0,0,0.021464,0.021336,49.200134
high_voltage_probe_kit,3,24.484499,1788190345.595788,0,1,20.000000,20.000000,VIRTUAL_ESTIMATE,0,0,0.021463,0.021337,49.200134
high_voltage_probe_kit,3,24.628128,1788190345.739415,0,1,20.000000,20.000000,VIRTUAL_ESTIMATE,0,0,0.021465,0.021334,49.200132
high_voltage_probe_kit,3,24.789664,1788190345.900953,0,1,20.000000,20.000000,VIRTUAL_ESTIMATE,0,0,0.021465,0.021335,49.200131
high_voltage_probe_kit,3,24.949566,1788190346.060851,0,1,20.000000,20.000000,VIRTUAL_ESTIMATE,0,0,0.021465,0.021335,49.200131
high_voltage_probe_kit,3,25.102027,1788190346.213317,0,1,20.000000,20.000000,VIRTUAL_ESTIMATE,0,0,0.021467,0.021332,49.200128
high_voltage_probe_kit,3,25.253932,1788190346.365218,0,1,20.000000,20.000000,VIRTUAL_ESTIMATE,0,0,0.021467,0.021333,49.200128
high_voltage_probe_kit,3,25.408456,1788190346.519746,0,1,20.000000,20.000000,VIRTUAL_ESTIMATE,0,0,0.021465,0.021335,49.200131
high_voltage_probe_kit,3,25.553659,1788190346.664945,0,1,20.000000,20.000000,VIRTUAL_ESTIMATE,0,0,0.021464,0.021335,49.200130
high_voltage_probe_kit,3,25.720220,1788190346.831513,0,1,20.000000,20.000000,VIRTUAL_ESTIMATE,0,0,0.021467,0.021333,49.200128
high_voltage_probe_kit,3,25.876393,1788190346.987682,0,1,20.000000,20.000000,VIRTUAL_ESTIMATE,0,0,0.021467,0.021333,49.200127
high_voltage_probe_kit,3,26.028453,1788190347.139737,0,1,20.000000,20.000000,VIRTUAL_ESTIMATE,0,0,0.021466,0.021333,49.200127
high_voltage_probe_kit,3,26.167569,1788190347.278854,0,1,20.000000,20.000000,VIRTUAL_ESTIMATE,0,0,0.021469,0.021331,49.200125
high_voltage_probe_kit,3,26.299625,1788190347.410912,0,1,20.000000,20.000000,VIRTUAL_ESTIMATE,0,0,0.021468,0.021332,49.200126
high_voltage_probe_kit,3,26.443335,1788190347.554621,0,1,20.000000,20.000000,VIRTUAL_ESTIMATE,0,0,0.021464,0.021335,49.200130
high_voltage_probe_kit,3,26.578195,1788190347.689480,0,1,20.000000,20.000000,VIRTUAL_ESTIMATE,0,0,0.021468,0.021332,49.200126
high_voltage_probe_kit,3,26.726196,1788190347.837483,0,1,20.000000,20.000000,VIRTUAL_ESTIMATE,0,0,0.021467,0.021333,49.200126
high_voltage_probe_kit,3,26.894278,1788190348.005563,0,1,20.000000,20.000000,VIRTUAL_ESTIMATE,0,0,0.021468,0.021331,49.200125
high_voltage_probe_kit,3,27.042617,1788190348.153908,0,1,20.000000,20.000000,VIRTUAL_ESTIMATE,0,0,0.021468,0.021332,49.200125
high_voltage_probe_kit,3,27.189347,1788190348.300636,0,1,20.000000,20.000000,VIRTUAL_ESTIMATE,0,0,0.021465,0.021335,49.200128
high_voltage_probe_kit,3,27.337840,1788190348.449130,0,1,20.000000,20.000000,VIRTUAL_ESTIMATE,0,0,0.021464,0.021336,49.200129
high_voltage_probe_kit,3,27.491326,1788190348.602612,0,1,20.000000,20.000000,VIRTUAL_ESTIMATE,0,0,0.021460,0.021340,49.200134
high_voltage_probe_kit,3,27.638598,1788190348.749887,0,1,20.000000,20.000000,VIRTUAL_ESTIMATE,0,0,0.021466,0.021334,49.200127
high_voltage_probe_kit,3,27.818576,1788190348.929868,0,1,20.000000,20.000000,VIRTUAL_ESTIMATE,0,0,0.021462,0.021337,49.200131
high_voltage_probe_kit,3,27.965174,1788190349.076468,0,1,20.000000,20.000000,VIRTUAL_ESTIMATE,0,0,0.021462,0.021337,49.200130
high_voltage_probe_kit,3,28.104737,1788190349.216027,0,1,20.000000,20.000000,VIRTUAL_ESTIMATE,0,0,0.021461,0.021339,49.200131
high_voltage_probe_kit,3,28.237423,1788190349.348729,0,1,20.000000,20.000000,VIRTUAL_ESTIMATE,0,0,0.021462,0.021337,49.200130
high_voltage_probe_kit,3,28.381073,1788190349.492362,0,1,20.000000,20.000000,VIRTUAL_ESTIMATE,0,0,0.021461,0.021339,49.200131
high_voltage_probe_kit,3,28.517744,1788190349.629030,0,1,20.000000,20.000000,VIRTUAL_ESTIMATE,0,0,0.021458,0.021341,49.200134
high_voltage_probe_kit,3,28.660308,1788190349.771597,0,1,20.000000,20.000000,VIRTUAL_ESTIMATE,0,0,0.021458,0.021342,49.200135
high_voltage_probe_kit,3,28.828348,1788190349.939634,0,1,20.000000,20.000000,VIRTUAL_ESTIMATE,0,0,0.021454,0.021346,49.200139
high_voltage_probe_kit,3,28.970072,1788190350.081357,0,1,20.000000,20.000000,VIRTUAL_ESTIMATE,0,0,0.021453,0.021347,49.200140
high_voltage_probe_kit,3,29.113868,1788190350.225155,0,1,20.000000,20.000000,VIRTUAL_ESTIMATE,0,0,0.021454,0.021345,49.200139
high_voltage_probe_kit,3,29.248082,1788190350.359374,0,1,20.000000,20.000000,VIRTUAL_ESTIMATE,0,0,0.021453,0.021347,49.200139
high_voltage_probe_kit,3,29.386278,1788190350.497566,0,1,20.000000,20.000000,VIRTUAL_ESTIMATE,0,0,0.021454,0.021345,49.200138
