target,trial,trial_id,planning_success,cartesian_success,cartesian_fraction,contact_success,contact_left,contact_right,force_left,force_right,force_peak,attach_success,holding_success,lift_success,failure_stage,failure_reason,duration,stage_planning_sec,stage_descend_sec,stage_contact_sec,stage_attach_sec,stage_lift_sec,lift_attempt,lift_fraction,lift_duration,lift_distance,lift_start_tcp_x,lift_start_tcp_y,lift_start_tcp_z,lift_target_tcp_x,lift_target_tcp_y,lift_target_tcp_z,lift_final_tcp_x,lift_final_tcp_y,lift_final_tcp_z,max_start_joint_error,lift_error_code,lift_error_text,lift_primary_success,lift_primary_error_code,lift_primary_error_text,lift_recovery_attempted,lift_recovery_fraction,lift_recovery_success,lift_recovery_error_code,lift_recovery_error_text,lift_state_verified,lift_state_final_target_error,lift_state_z_error,lift_final_success,settle_sec,reset_ok,reset_before_object_x,reset_before_object_y,reset_before_object_z,reset_before_object_yaw,reset_before_object_v,reset_before_object_w,reset_before_tcp_x,reset_before_tcp_y,reset_before_tcp_z,reset_before_arm_max_abs_err,reset_before_gripper_left,reset_before_gripper_right,reset_before_gripper_gap_mm,reset_before_contact_left,reset_before_contact_right,reset_before_force_left,reset_before_force_right,reset_before_attached,reset_before_holding,reset_before_sim_time,reset_after_object_x,reset_after_object_y,reset_after_object_z,reset_after_object_yaw,reset_after_object_v,reset_after_object_w,reset_after_tcp_x,reset_after_tcp_y,reset_after_tcp_z,reset_after_arm_max_abs_err,reset_after_gripper_left,reset_after_gripper_right,reset_after_gripper_gap_mm,reset_after_contact_left,reset_after_contact_right,reset_after_force_left,reset_after_force_right,reset_after_attached,reset_after_holding,reset_after_sim_time,trial_start_object_x,trial_start_object_y,trial_start_object_z,trial_start_object_yaw,trial_start_object_v,trial_start_object_w,trial_start_tcp_x,trial_start_tcp_y,trial_start_tcp_z,trial_start_arm_max_abs_err,trial_start_gripper_left,trial_start_gripper_right,trial_start_gripper_gap_mm,trial_start_contact_left,trial_start_contact_right,trial_start_force_left,trial_start_force_right,trial_start_attached,trial_start_holding,trial_start_sim_time
high_voltage_probe_kit,1,1,1,1,,1,1,1,20.000000,20.000000,20.000000,1,1,1,SUCCESS,none,22.868307,5.161436,2.834882,6.892443,0.804652,3.960487,primary,1.000000,3.896997,0.109948,0.593819,-0.075458,0.649991,0.593759,-0.075412,0.759939,0.593823,-0.075501,0.759999,0.000000,1,,1,1,,0,,,,,0,,,1,0.561858,1,-4.299902,-2.599858,0.747902,-0.161734,0.000000,0.000000,0.492537,0.140951,0.751623,0.042988,0.000000,0.000007,91.992920,0,0,0.000000,0.000000,0,0,1788147848.520876,-4.299916,-2.599907,0.747902,-0.161709,0.000000,0.000000,0.491984,0.134261,0.757083,0.005360,-0.000000,0.000010,91.990412,0,0,0.000000,0.000000,0,0,1788147890.662092,-4.299916,-2.599907,0.747902,-0.161709,0.000000,0.000000,0.491984,0.134261,0.757083,0.005360,-0.000000,0.000010,91.990412,0,0,0.000000,0.000000,0,0,1788147890.671046
high_voltage_probe_kit,2,2,1,1,,1,1,1,20.000000,20.000000,20.000000,1,1,1,SUCCESS,none,28.458845,9.257129,4.250338,6.919726,0.802727,4.020881,primary,1.000000,3.961448,0.109898,0.593741,-0.075511,0.650017,0.593534,-0.075384,0.759915,0.593738,-0.075583,0.760018,0.000000,1,,1,1,,0,,,,,0,,,1,0.543962,1,-4.300095,-2.599869,0.857527,-0.161622,0.405870,0.896447,0.593823,-0.075528,0.760014,0.350923,0.022725,0.020375,48.900004,1,1,20.000000,20.000000,1,1,1788147913.635949,-4.299911,-2.599907,0.747902,-0.162212,0.000000,0.000000,0.492595,0.132433,0.757949,0.001773,0.000023,0.000000,91.977445,0,0,20.000000,20.000000,0,0,1788147962.381135,-4.299911,-2.599907,0.747902,-0.162212,0.000000,0.000000,0.492595,0.132433,0.757949,0.001773,0.000023,0.000000,91.977445,0,0,20.000000,20.000000,0,0,1788147962.433164
high_voltage_probe_kit,3,3,1,1,,1,1,1,20.000000,20.000000,20.000000,1,1,1,SUCCESS,none,25.676020,7.674393,3.464454,6.905200,0.673869,3.752280,primary,1.000000,3.684272,0.109854,0.594073,-0.075609,0.650086,0.593759,-0.075412,0.759939,0.594067,-0.075639,0.760085,0.000000,1,,1,1,,0,,,,,0,,,1,0.541767,1,-4.300133,-2.599863,0.857458,-0.163593,0.483500,1.692811,0.593742,-0.075590,0.760038,0.350931,0.022597,0.020203,49.200044,0,1,20.000000,20.000000,1,1,1788147991.580393,-4.299916,-2.599907,0.747902,-0.161709,0.000000,0.000000,0.493068,0.131873,0.757983,0.001165,0.000023,-0.000023,92.000005,0,0,20.000000,20.000000,0,0,1788148039.780399,-4.299916,-2.599907,0.747902,-0.161709,0.000000,0.000000,0.493068,0.131873,0.757983,0.000591,0.000022,-0.000000,91.978479,0,0,20.000000,20.000000,0,0,1788148039.843866
high_voltage_probe_kit,4,4,1,1,,1,1,1,20.000000,20.000000,20.000000,1,1,1,SUCCESS,none,29.184519,10.179451,4.575407,6.894927,0.688213,3.634528,primary,1.000000,3.577998,0.109811,0.594088,-0.075697,0.650105,0.593616,-0.075422,0.759915,0.594077,-0.075729,0.760002,0.000000,1,,1,1,,0,,,,,0,,,1,0.501889,1,-4.300152,-2.599855,0.857402,-0.164068,0.553923,2.043464,0.594079,-0.075656,0.760091,0.350895,0.022515,0.020584,48.900087,0,1,20.000000,20.000000,1,1,1788148066.131924,-4.299853,-2.599736,0.747902,-0.163389,0.000000,0.000000,0.492840,0.132157,0.757963,0.002341,0.000026,-0.000026,92.000007,0,0,20.000000,20.000000,0,0,1788148112.197338,-4.299853,-2.599736,0.747902,-0.163389,0.000000,0.000000,0.492597,0.132453,0.757949,0.001736,0.000025,-0.000025,92.000006,0,0,20.000000,20.000000,0,0,1788148112.238419
high_voltage_probe_kit,5,5,1,1,,1,1,1,20.000000,20.000000,20.000000,1,1,1,SUCCESS,none,27.850761,10.446853,2.802144,6.902409,0.726174,3.760190,primary,1.000000,3.703260,0.109769,0.594347,-0.075804,0.650147,0.593726,-0.075489,0.759914,0.594336,-0.075859,0.760144,0.000000,1,,1,1,,0,,,,,0,,,1,0.554564,1,-4.300117,-2.599700,0.857379,-0.167286,0.626781,3.056368,0.594086,-0.075747,0.760112,0.350923,0.022376,0.020424,49.200223,0,1,20.000000,20.000000,1,1,1788148142.116384,-4.299755,-2.599479,0.747902,-0.165240,0.000000,0.000000,0.492820,0.132146,0.757973,0.001738,0.000021,-0.000000,91.979311,0,0,20.000000,20.000000,0,0,1788148188.176194,-4.299755,-2.599479,0.747902,-0.165240,0.000000,0.000000,0.492820,0.132146,0.757973,0.001173,0.000021,-0.000000,91.978918,0,0,20.000000,20.000000,0,0,1788148188.214912
high_voltage_probe_kit,6,6,1,1,,1,1,1,20.000000,20.000000,20.000000,1,1,1,SUCCESS,none,27.865631,8.543133,4.592781,6.932696,0.677899,3.909304,primary,1.000000,3.847828,0.109726,0.594684,-0.075956,0.650191,0.593905,-0.075587,0.759914,0.594683,-0.076016,0.757803,0.000000,1,,1,1,,0,,,,,0,,,1,0.566359,1,-4.300022,-2.599447,0.857377,-0.170694,0.689423,3.987315,0.594347,-0.075873,0.760148,0.350938,0.022241,0.020558,49.200414,0,1,20.000000,20.000000,1,1,1788148216.805603,-4.299615,-2.599117,0.747902,-0.167671,0.000000,0.000000,0.492595,0.132437,0.757950,0.001170,-0.000000,0.000000,91.999512,0,0,20.000000,20.000000,0,0,1788148263.185245,-4.299615,-2.599117,0.747902,-0.167671,0.000000,0.000000,0.492595,0.132437,0.757950,0.000585,-0.000001,0.000001,92.000002,0,0,20.000000,20.000000,0,0,1788148263.205166
high_voltage_probe_kit,7,7,1,1,,1,1,1,20.000000,20.000000,20.000000,1,1,1,SUCCESS,none,70.293946,11.656814,6.240938,6.921327,0.881954,41.387445,primary,1.000000,41.331103,0.109686,0.595049,-0.076123,0.650232,0.594124,-0.075705,0.759913,0.595150,-0.076364,0.760276,0.000000,-4,MOVEIT_EXECUTE_ACTION_STATUS_6_ERROR_-4,0,-4,MOVEIT_EXECUTE_ACTION_STATUS_6_ERROR_-4,0,,,,,1,0.001272,0.000362,1,0.542364,1,-4.299894,-2.599096,0.857370,-0.174599,0.768429,4.895276,0.594675,-0.076002,0.760190,0.351038,0.022110,0.020689,49.200655,0,1,20.000000,20.000000,1,1,1788148291.826624,-4.299444,-2.598663,0.747902,-0.170741,0.000000,0.000000,0.492828,0.132148,0.757969,0.001755,-0.000001,0.000001,92.000002,0,0,20.000000,20.000000,0,0,1788148343.455959,-4.299444,-2.598663,0.747902,-0.170741,0.000000,0.000000,0.492828,0.132148,0.757969,0.001170,-0.000001,0.000001,92.000002,0,0,20.000000,20.000000,0,0,1788148343.525551
high_voltage_probe_kit,8,8,1,1,,1,1,1,20.000000,20.000000,20.000000,1,1,1,SUCCESS,none,63.632230,8.667722,3.161833,6.891538,0.707355,40.993642,primary,1.000000,40.938557,0.109606,0.596750,-0.077328,0.650303,0.595585,-0.076664,0.759900,0.596814,-0.077470,0.760325,0.000000,-4,MOVEIT_EXECUTE_ACTION_STATUS_6_ERROR_-4,0,-4,MOVEIT_EXECUTE_ACTION_STATUS_6_ERROR_-4,0,,,,,1,0.001530,0.000425,1,0.540157,1,-4.298930,-2.597091,0.857596,-0.185096,0.992002,7.081992,0.596187,-0.077016,0.760647,0.351137,0.021844,0.021254,48.901330,0,1,20.000000,20.000000,1,1,1788148415.265941,-4.298317,-2.596450,0.747903,-0.179495,0.000000,0.000000,0.492371,0.132713,0.757944,0.001182,0.000005,-0.000000,91.995243,0,0,20.000000,20.000000,0,0,1788148462.156681,-4.298317,-2.596450,0.747903,-0.179495,0.000000,0.000000,0.492371,0.132713,0.757944,0.000601,-0.000012,0.000012,92.000005,0,0,20.000000,20.000000,0,0,1788148462.232118
high_voltage_probe_kit,9,9,1,1,,1,1,1,20.000000,20.000000,20.000000,1,1,1,SUCCESS,none,65.774549,10.335970,3.643817,6.884253,0.691046,41.008751,primary,1.000000,40.955948,0.109541,0.598876,-0.078717,0.650370,0.597490,-0.077903,0.759899,0.598889,-0.078789,0.760382,0.000000,-4,MOVEIT_EXECUTE_ACTION_STATUS_6_ERROR_-4,0,-4,MOVEIT_EXECUTE_ACTION_STATUS_6_ERROR_-4,0,,,,,1,0.001725,0.000483,1,8.010412,1,-4.297572,-2.594515,0.857605,-0.197734,1.142062,8.577261,0.598051,-0.078266,0.760760,0.351584,0.021645,0.020953,49.402015,0,1,20.000000,20.000000,1,1,1788148527.258015,-4.296877,-2.593719,0.747903,-0.190465,0.000000,0.000000,0.492007,0.133002,0.757778,0.000589,0.000027,-0.000027,92.000014,0,0,20.000000,20.000000,0,0,1788148580.163604,-4.296877,-2.593719,0.747903,-0.190465,0.000000,0.000000,0.491823,0.133395,0.757932,0.000257,0.000020,-0.000020,92.000009,0,0,20.000000,20.000000,0,0,1788148580.242821
high_voltage_probe_kit,10,10,1,1,,1,1,1,20.000000,20.000000,20.000000,1,1,1,SUCCESS,none,63.124280,7.827395,3.687318,6.886414,0.735041,40.775190,primary,1.000000,40.720337,0.109497,0.601233,-0.080153,0.650416,0.599683,-0.079288,0.759899,0.601252,-0.080252,0.760424,0.000000,-4,MOVEIT_EXECUTE_ACTION_STATUS_6_ERROR_-4,0,-4,MOVEIT_EXECUTE_ACTION_STATUS_6_ERROR_-4,0,,,,,1,0.001915,0.000526,1,8.005791,1,-4.295984,-2.591483,0.857651,-0.211942,1.265752,9.800972,0.600301,-0.079668,0.760866,0.352285,0.021474,0.021123,49.402697,0,1,20.000000,20.000000,1,1,1788148647.419084,-4.295240,-2.590549,0.747903,-0.203469,0.000000,0.000000,0.491862,0.133203,0.757915,0.000456,-0.000001,0.000002,91.998330,0,0,20.000000,20.000000,0,0,1788148701.499786,-4.295240,-2.590549,0.747903,-0.203469,0.000000,0.000000,0.491862,0.133203,0.757915,0.000211,0.000023,-0.000000,91.976608,0,0,20.000000,20.000000,0,0,1788148701.596349
tooling_fixture_box,1,1,1,1,,1,1,1,13.800000,13.800000,13.800000,1,1,1,SUCCESS,none,20.254922,9.659893,3.421921,0.104623,0.597391,3.232424,primary,1.000000,3.162243,0.114951,0.592438,0.016529,0.621172,0.592342,0.016558,0.736122,0.592443,0.016533,0.736093,0.000000,1,,1,1,,0,,,,,0,,,1,2.670963,1,-3.879650,-2.039837,0.757430,-0.281466,0.003402,0.426981,,,,0.045769,0.000000,0.000002,91.998222,0,0,0.000000,0.000000,0,0,1788148830.337969,-3.880028,-2.040001,0.757773,-0.280011,0.001862,0.013420,0.491952,0.133871,0.757432,0.003162,-0.000002,0.000002,92.000000,0,0,0.000000,0.000000,0,0,1788148876.266608,-3.880028,-2.040001,0.757773,-0.280011,0.001862,0.013420,0.491951,0.133857,0.757444,0.003086,0.000000,0.000002,91.998078,0,0,0.000000,0.000000,0,0,1788148876.318084
tooling_fixture_box,2,2,1,1,,1,1,1,13.800000,13.800000,13.800000,1,1,1,SUCCESS,none,35.528323,23.828917,4.316640,0.108903,0.568478,3.492545,primary,1.000000,3.427538,0.115063,0.592730,0.016592,0.621092,0.592368,0.016566,0.736155,0.592692,0.016522,0.736088,0.000000,1,,1,1,,0,,,,,0,,,1,2.629739,1,-3.879840,-2.039889,0.872764,-0.280701,0.136973,0.639855,0.592453,0.016540,0.736177,1.651872,0.006007,0.005993,80.000000,0,1,13.800000,13.800000,1,1,1788148897.198063,-3.880021,-2.040010,0.757700,-0.280007,0.001937,0.027596,0.491904,0.133285,0.757891,0.000035,-0.000000,0.000000,92.000000,0,0,13.800000,13.800000,0,0,1788148946.499174,-3.880021,-2.040010,0.757700,-0.280007,0.001937,0.027596,0.491904,0.133285,0.757891,0.000035,0.000000,0.000000,91.999543,0,0,13.800000,13.800000,0,0,1788148946.577495
tooling_fixture_box,3,3,1,1,,1,1,1,13.800000,13.800000,13.800000,1,1,1,SUCCESS,none,42.024325,29.929880,5.166536,0.103594,0.574717,3.022937,primary,1.000000,2.964610,0.114810,0.593096,0.016634,0.621312,0.592349,0.016555,0.736119,0.593065,0.016615,0.736247,0.000000,1,,1,1,,0,,,,,0,,,1,2.312499,1,-3.879710,-2.039740,0.872251,-0.281109,0.240474,1.468847,0.592653,0.016529,0.736105,2.886847,0.006018,0.005982,79.999984,0,1,13.800000,13.800000,1,1,1788148982.757426,-3.880027,-2.040002,0.757760,-0.280011,0.002077,0.025737,0.491900,0.133315,0.757901,0.000112,0.000018,-0.000018,92.000003,0,0,13.800000,13.800000,0,0,1788149031.488030,-3.880027,-2.040002,0.757760,-0.280011,0.002077,0.025737,0.491900,0.133315,0.757901,0.000095,0.000021,-0.000021,92.000004,0,0,13.800000,13.800000,0,0,1788149031.569671
tooling_fixture_box,4,4,1,1,,1,1,1,13.800000,13.800000,13.800000,1,1,1,SUCCESS,none,28.670638,17.777503,3.510244,0.106194,0.553246,3.511536,primary,1.000000,3.451252,0.115278,0.593490,0.016715,0.620866,0.592360,0.016559,0.736138,0.593266,0.016741,0.735921,0.000043,1,,1,1,,0,,,,,0,,,1,2.539419,1,-3.879658,-2.039398,0.873151,-0.280791,0.440857,3.299522,0.593074,0.016577,0.736323,1.650870,0.006147,0.005853,79.999949,0,1,13.800000,13.800000,1,1,1788149074.355224,-3.880021,-2.040010,0.757700,-0.280007,0.001937,0.027596,0.491901,0.133307,0.757902,0.000230,0.000026,0.000000,91.974370,0,0,13.800000,13.800000,0,0,1788149123.379121,-3.880021,-2.040010,0.757700,-0.280007,0.001937,0.027596,0.491901,0.133307,0.757902,0.000286,0.000014,0.000000,91.986060,0,0,13.800000,13.800000,0,0,1788149123.444169
tooling_fixture_box,5,5,1,1,,1,1,1,13.800000,13.800000,13.800000,1,1,1,SUCCESS,none,23.580761,13.567747,2.970830,0.104172,0.563384,3.160125,primary,1.000000,3.105545,0.114752,0.593313,0.016915,0.621396,0.592343,0.016532,0.736143,0.593325,0.016773,0.736325,0.000000,1,,1,1,,0,,,,,0,,,1,0.795634,1,-3.879791,-2.039606,0.872864,-0.279346,0.527178,3.764885,0.593093,0.016747,0.735965,2.894073,0.006310,0.005690,80.000076,0,1,13.800000,13.800000,1,1,1788149152.700381,-3.879993,-2.040024,0.757861,-0.279864,0.000946,0.025799,0.491896,0.133267,0.757896,0.000061,0.000025,-0.000000,91.975496,0,0,13.800000,13.800000,0,0,1788149198.979457,-3.879993,-2.040024,0.757861,-0.279864,0.000946,0.025799,0.491909,0.133335,0.757884,0.000061,0.000025,-0.000000,91.975496,0,0,13.800000,13.800000,0,0,1788149199.001604
tooling_fixture_box,6,6,1,1,,1,1,1,13.800000,13.800000,13.800000,1,1,1,SUCCESS,none,65.936429,25.385046,2.761474,0.103593,0.574795,33.880810,primary,1.000000,33.805275,0.114710,0.593585,0.017303,0.621408,0.592354,0.016535,0.736109,0.593242,0.017109,0.736339,0.000000,-4,MOVEIT_EXECUTE_ACTION_STATUS_6_ERROR_-4,0,-4,MOVEIT_EXECUTE_ACTION_STATUS_6_ERROR_-4,0,,,,,1,0.001083,0.000230,1,0.978862,1,-3.879723,-2.039485,0.872730,-0.279683,0.599277,4.496323,0.593339,0.016715,0.736397,1.649701,0.006323,0.005677,79.999995,0,1,13.800000,13.800000,1,1,1788149223.262548,-3.880043,-2.040009,0.757773,-0.279903,0.002060,0.025225,0.491900,0.133279,0.757896,0.000066,0.000026,-0.000026,92.000007,0,0,13.800000,13.800000,0,0,1788149269.835243,-3.880043,-2.040009,0.757773,-0.279903,0.002060,0.025225,0.491900,0.133279,0.757896,0.000062,0.000023,0.000000,91.977112,0,0,13.800000,13.800000,0,0,1788149269.939662
tooling_fixture_box,7,7,1,1,,1,1,1,13.800000,13.800000,13.800000,1,1,1,SUCCESS,none,24.322554,13.257702,4.133103,0.104285,0.545175,3.070173,primary,1.000000,3.006795,0.114761,0.593199,0.016606,0.621370,0.592348,0.016561,0.736129,0.593180,0.016567,0.736309,0.000000,1,,1,1,,0,,,,,0,,,1,2.392226,1,-3.878948,-2.040432,0.873143,-0.276830,0.645345,5.871088,0.594133,0.017659,0.736554,3.147397,0.006737,0.005262,80.001038,0,1,13.800000,13.800000,1,1,1788149337.096523,-3.880028,-2.040002,0.757767,-0.280011,0.002065,0.024184,0.491895,0.133318,0.757891,0.000084,-0.000000,0.000000,91.999519,0,0,13.800000,13.800000,0,0,1788149385.715912,-3.880028,-2.040002,0.757767,-0.280011,0.002065,0.024184,0.491895,0.133318,0.757891,0.000084,-0.000000,0.000000,91.999517,0,0,13.800000,13.800000,0,0,1788149385.801927
tooling_fixture_box,8,8,1,1,,1,1,1,13.800000,13.800000,13.800000,1,1,1,SUCCESS,none,36.504879,25.620748,3.541847,0.105085,0.578621,3.446823,primary,1.000000,3.392696,0.115366,0.593785,0.016756,0.620760,0.592352,0.016539,0.736116,0.593547,0.016819,0.735628,0.000000,1,,1,1,,0,,,,,0,,,1,1.025770,1,-3.879726,-2.039535,0.872912,-0.280678,0.483303,3.602014,0.593189,0.016528,0.736384,1.651337,0.006143,0.005857,79.999940,0,1,13.800000,13.800000,1,1,1788149410.175493,-3.880043,-2.040009,0.757769,-0.279902,0.002060,0.025065,0.491904,0.133285,0.757891,0.000091,-0.000001,0.000001,92.000002,0,0,13.800000,13.800000,0,0,1788149457.670168,-3.880043,-2.040009,0.757769,-0.279902,0.002060,0.025065,0.491904,0.133285,0.757891,0.000091,-0.000001,0.000001,92.000002,0,0,13.800000,13.800000,0,0,1788149457.715786
tooling_fixture_box,9,9,1,1,,1,1,1,13.800000,13.800000,13.800000,1,1,1,SUCCESS,none,71.620390,31.652471,2.822232,0.104299,0.582535,33.247805,primary,1.000000,33.183417,0.114683,0.593823,0.016903,0.621445,0.592352,0.016539,0.736118,0.593496,0.016867,0.736332,0.000122,-4,MOVEIT_EXECUTE_ACTION_STATUS_6_ERROR_-4,0,-4,MOVEIT_EXECUTE_ACTION_STATUS_6_ERROR_-4,0,,,,,1,0.001209,0.000214,1,0.997154,1,-3.879691,-2.039518,0.872632,-0.280557,0.631404,5.009118,0.593346,0.016739,0.735888,3.386549,0.006422,0.005578,80.000125,0,1,13.800000,13.800000,1,1,1788149494.856991,-3.880043,-2.040008,0.757779,-0.279903,0.002055,0.024425,0.491904,0.133285,0.757891,0.000092,-0.000001,0.000001,92.000002,0,0,13.800000,13.800000,0,0,1788149541.694714,-3.880043,-2.040008,0.757779,-0.279903,0.002055,0.024425,0.491904,0.133285,0.757891,0.000092,-0.000001,0.000001,92.000002,0,0,13.800000,13.800000,0,0,1788149541.770570
tooling_fixture_box,10,10,1,1,,1,1,1,13.800000,13.800000,13.800000,1,1,1,SUCCESS,none,33.150447,20.860860,4.089453,0.111051,0.570497,4.301589,primary,1.000000,4.230151,0.115406,0.593893,0.016695,0.620724,0.592349,0.016555,0.736119,0.593576,0.016760,0.735822,0.000000,1,,1,1,,0,,,,,0,,,1,2.480637,1,-3.879207,-2.040461,0.873578,-0.276936,0.867129,6.210296,0.594620,0.017197,0.736546,3.142378,0.006635,0.005365,80.000747,0,1,13.800000,13.800000,1,1,1788149614.826536,-3.880027,-2.040002,0.757756,-0.280011,0.002036,0.023871,0.491914,0.133246,0.757896,0.000146,0.000024,-0.000000,91.976414,0,0,13.800000,13.800000,0,0,1788149664.014799,-3.880027,-2.040002,0.757756,-0.280011,0.002036,0.023871,0.491914,0.133246,0.757896,0.000155,0.000025,-0.000000,91.974810,0,0,13.800000,13.800000,0,0,1788149664.086252
material_spare_igbt,1,1,1,1,,1,1,1,20.000000,20.000000,20.000000,1,1,1,SUCCESS,none,32.123464,15.802477,6.820356,1.831506,0.701195,3.741207,primary,1.000000,3.686958,0.115024,0.566851,-0.034246,0.609919,0.566698,-0.034320,0.724943,0.566877,-0.034250,0.724918,0.000000,1,,1,1,,0,,,,,0,,,1,0.810945,1,-3.619985,-2.600036,0.751920,0.380059,0.000130,0.037656,0.492664,0.140869,0.751636,0.042068,0.000005,-0.000005,92.000000,0,0,0.000000,0.000000,0,0,1788149762.812932,-3.619980,-2.600039,0.751920,0.380074,0.002986,0.035655,0.492019,0.134244,0.757062,0.005144,-0.000000,0.000039,91.961963,0,0,0.000000,0.000000,0,0,1788149801.869634,-3.619980,-2.600039,0.751920,0.380074,0.002986,0.035655,0.492019,0.134244,0.757062,0.005269,-0.000052,0.000052,92.000022,0,0,0.000000,0.000000,0,0,1788149801.967518
material_spare_igbt,2,2,1,1,,1,1,1,20.000000,20.000000,20.000000,1,1,1,SUCCESS,none,36.002943,18.458787,8.222710,1.722675,0.677949,3.697292,primary,1.000000,3.637921,0.115169,0.567344,-0.034042,0.609767,0.566736,-0.034361,0.724934,0.567285,-0.034062,0.724729,0.000000,1,,1,1,,0,,,,,0,,,1,0.590607,1,-3.619915,-2.600164,0.866804,0.379526,0.264321,0.980879,0.566881,-0.034248,0.724917,2.992703,0.034108,0.034292,23.599996,1,0,20.000000,20.000000,1,1,1788149834.832111,-3.619927,-2.599991,0.751915,0.379802,0.000000,0.000000,0.491873,0.133337,0.757895,0.000094,-0.000000,0.000037,91.963054,0,0,20.000000,20.000000,0,0,1788149881.736332,-3.619927,-2.599991,0.751915,0.379802,0.000000,0.000000,0.491873,0.133337,0.757895,0.000067,-0.000042,0.000042,92.000015,0,0,20.000000,20.000000,0,0,1788149881.805430
material_spare_igbt,3,3,1,1,,1,1,1,20.000000,20.000000,20.000000,1,1,1,SUCCESS,none,47.255623,28.621749,8.780842,1.840231,0.693665,4.091483,primary,1.000000,4.017791,0.115268,0.567818,-0.033850,0.609682,0.566838,-0.034386,0.724945,0.567768,-0.033826,0.724085,0.000000,1,,1,1,,0,,,,,0,,,1,0.560592,1,-3.619751,-2.600344,0.867000,0.378474,0.535054,2.851542,0.567257,-0.034052,0.724802,2.996847,0.034035,0.034165,23.799975,0,0,20.000000,20.000000,1,1,1788149918.558703,-3.619881,-2.599872,0.751921,0.379299,0.001008,0.018523,0.491908,0.133263,0.757884,0.000152,-0.000035,0.000035,92.000010,0,0,20.000000,20.000000,0,0,1788149965.382100,-3.619881,-2.599872,0.751921,0.379299,0.001008,0.018523,0.491908,0.133263,0.757884,0.000088,-0.000000,0.000033,91.966728,0,0,20.000000,20.000000,0,0,1788149965.436181
material_spare_igbt,4,4,1,1,,1,1,1,20.000000,20.000000,20.000000,1,1,1,SUCCESS,none,53.420366,31.036594,7.574416,1.837881,0.658697,9.073801,primary,1.000000,9.012394,0.115376,0.568326,-0.033640,0.609580,0.566979,-0.034406,0.724945,0.568029,-0.033540,0.724649,0.000000,1,,1,1,,0,,,,,0,,,1,0.518101,1,-3.619522,-2.600486,0.867165,0.377161,0.873470,4.935174,0.567702,-0.033805,0.724708,3.000354,0.033925,0.034475,23.599944,1,0,20.000000,20.000000,1,1,1788150012.803774,-3.619813,-2.599693,0.751922,0.378192,0.000859,0.020881,0.491889,0.133369,0.757889,0.000093,-0.000000,0.000026,91.974256,0,0,20.000000,20.000000,0,0,1788150060.442044,-3.619813,-2.599693,0.751922,0.378192,0.000859,0.020881,0.491889,0.133369,0.757889,0.000109,-0.000000,0.000029,91.971285,0,0,20.000000,20.000000,0,0,1788150060.531111
material_spare_igbt,5,5,1,1,,1,1,1,20.000000,20.000000,20.000000,1,1,1,SUCCESS,none,69.762486,16.363862,7.875858,1.841285,0.725845,39.738820,primary,1.000000,39.668814,0.114789,0.568341,-0.033469,0.610158,0.567169,-0.034461,0.724937,0.568434,-0.034117,0.725214,0.000000,-4,MOVEIT_EXECUTE_ACTION_STATUS_6_ERROR_-4,0,-4,MOVEIT_EXECUTE_ACTION_STATUS_6_ERROR_-4,0,,,,,1,0.001340,0.000276,1,0.737931,1,-3.619320,-2.600399,0.867316,0.375758,1.040593,6.191908,0.567940,-0.033519,0.724668,3.002835,0.033710,0.034690,23.599973,1,0,20.000000,20.000000,1,1,1788150115.269979,-3.619707,-2.599462,0.751922,0.376997,0.000859,0.020881,0.491859,0.133400,0.757908,0.000180,-0.000049,0.000049,92.000020,0,0,20.000000,20.000000,0,0,1788150161.903405,-3.619707,-2.599462,0.751922,0.376997,0.000859,0.020881,0.491859,0.133400,0.757908,0.000057,0.000000,0.000044,91.955948,0,0,20.000000,20.000000,0,0,1788150161.979688
material_spare_igbt,6,6,1,1,,1,1,1,20.000000,20.000000,20.000000,1,1,1,SUCCESS,none,48.302845,20.650221,7.605908,1.837610,0.713669,14.276891,primary,1.000000,14.211885,0.115404,0.570339,-0.033758,0.609551,0.568662,-0.034116,0.724942,0.569772,-0.033507,0.724670,0.000000,1,,1,1,,0,,,,,0,,,1,0.601496,1,-3.619827,-2.598938,0.867966,0.371314,1.064759,6.181130,0.569692,-0.033829,0.725513,2.242123,0.034529,0.034071,23.400062,1,0,20.000000,20.000000,1,1,1788150232.879237,-3.619913,-2.597861,0.751922,0.373827,0.000706,0.012735,0.491917,0.133219,0.757874,0.000160,0.000029,-0.000029,92.000007,0,0,20.000000,20.000000,0,0,1788150279.984983,-3.619913,-2.597861,0.751922,0.373827,0.000706,0.012735,0.491897,0.133316,0.757901,0.000032,0.000031,-0.000031,92.000009,0,0,20.000000,20.000000,0,0,1788150280.032678
material_spare_igbt,7,7,1,1,,0,1,0,20.000000,0.000000,20.000000,0,0,0,CONTACT_LEFT_ONLY,FAILED_CONTACT material_spare_igbt,41.396144,30.231156,8.904212,,,,,,,,,,,,,,,,,,,,,,,0,,,,,0,,,,0.662341,1,-3.619446,-2.598529,0.867213,0.370101,1.041321,5.694491,0.569683,-0.033478,0.724688,3.000600,0.034121,0.034479,23.399914,0,0,20.000000,20.000000,1,1,1788150328.903901,-3.619740,-2.597574,0.751923,0.371658,0.000136,0.004942,0.491899,0.133282,0.757896,0.000064,0.000024,-0.000000,91.976432,0,0,20.000000,20.000000,0,0,1788150375.657013,-3.619740,-2.597574,0.751923,0.371658,0.000136,0.004942,0.491909,0.133335,0.757884,0.000051,0.000025,0.000000,91.975084,0,0,20.000000,20.000000,0,0,1788150375.731116
material_spare_igbt,8,8,1,1,,1,1,1,20.000000,20.000000,20.000000,1,1,1,SUCCESS,none,66.617249,15.660359,7.177492,1.829484,0.723869,38.008965,primary,1.000000,37.938668,0.115470,0.568756,-0.033237,0.609499,0.566695,-0.034327,0.724945,0.567721,-0.033584,0.724745,0.000000,1,,1,1,,0,,,,,0,,,1,0.530600,1,-3.619715,-2.597582,0.751918,0.371600,0.000000,0.000000,0.571499,-0.032551,0.610213,3.141602,0.033607,0.034593,23.800000,1,0,20.000000,0.000000,0,0,1788150418.372241,-3.619974,-2.600042,0.751922,0.380091,0.000707,0.012664,0.491904,0.133285,0.757891,0.000040,-0.000001,0.000001,92.000000,0,0,20.000000,0.000000,0,0,1788150465.311441,-3.619974,-2.600042,0.751922,0.380091,0.000707,0.012664,0.491904,0.133285,0.757891,0.000040,-0.000001,0.000001,92.000000,0,0,20.000000,0.000000,0,0,1788150465.341696
material_spare_igbt,9,9,1,1,,1,1,1,20.000000,20.000000,20.000000,1,1,1,SUCCESS,none,79.838402,28.694674,6.395948,1.827631,0.682185,39.008471,primary,1.000000,38.928267,0.114713,0.567874,-0.033416,0.610241,0.566695,-0.034327,0.724944,0.567736,-0.032808,0.725218,0.000000,-4,MOVEIT_EXECUTE_ACTION_STATUS_6_ERROR_-4,0,-4,MOVEIT_EXECUTE_ACTION_STATUS_6_ERROR_-4,0,,,,,1,0.001862,0.000274,1,0.529623,1,-3.619617,-2.600634,0.867556,0.376337,0.880622,6.191083,0.567677,-0.033613,0.724754,3.278961,0.033825,0.034575,23.600032,1,0,20.000000,20.000000,1,1,1788150533.236059,-3.619974,-2.600042,0.751922,0.380091,0.000707,0.012667,0.491904,0.133285,0.757891,0.000043,-0.000001,0.000001,92.000001,0,0,20.000000,20.000000,0,0,1788150580.927737,-3.619974,-2.600042,0.751921,0.380091,0.000981,0.043537,0.491904,0.133285,0.757891,0.000043,-0.000001,0.000001,92.000001,0,0,20.000000,20.000000,0,0,1788150580.986300
material_spare_igbt,10,10,1,1,,0,1,0,20.000000,0.000000,20.000000,0,0,0,CONTACT_LEFT_ONLY,FAILED_CONTACT material_spare_igbt,39.255312,29.222894,7.776907,,,,,,,,,,,,,,,,,,,,,,,0,,,,,0,,,,0.628141,1,-3.620705,-2.599998,0.868374,0.377252,1.561143,10.016730,0.568761,-0.031231,0.725510,3.158191,0.033278,0.035322,23.400605,0,0,20.000000,20.000000,1,1,1788150662.384323,-3.621559,-2.598708,0.751920,0.377654,0.000127,0.047681,0.491893,0.133344,0.757890,0.000074,0.000023,-0.000023,92.000006,0,0,20.000000,20.000000,0,0,1788150709.142484,-3.621559,-2.598708,0.751920,0.377654,0.000127,0.047681,0.491906,0.133332,0.757884,0.000058,0.000025,-0.000025,92.000006,0,0,20.000000,20.000000,0,0,1788150709.209257
