elapsed_sec,left_force_n,right_force_n,sum_force_n
20.032137475000127,0.0,0.0,0.0
20.032557174999965,0.0,0.0,0.0
20.032798975000333,0.0,0.0,0.0
20.050499573000707,0.0,0.0,0.0
20.05212297199978,0.0,0.0,0.0
20.052217372000086,0.0,0.0,0.0
20.069670869999754,0.0,0.0,0.0
20.071464370001195,0.0,0.0,0.0
20.071773670000766,0.0,0.0,0.0
20.088284767000005,0.0,0.0,0.0
20.090331966999656,0.0,0.0,0.0
20.090500267000607,0.0,0.0,0.0
20.107966465000572,0.0,0.0,0.0
20.10939186500036,0.0,0.0,0.0
20.109488764999696,0.0,0.0,0.0
20.12896066200119,0.0,0.0,0.0
20.13121716200112,0.0,0.0,0.0
20.131351961999826,0.0,0.0,0.0
20.14879055900019,0.0,0.0,0.0
20.150505259000056,0.0,0.0,0.0
20.151043658999697,0.0,0.0,0.0
20.16809635699974,0.0,0.0,0.0
20.16992695600129,0.0,0.0,0.0
20.170024756000203,0.0,0.0,0.0
20.188062654000532,0.0,0.0,0.0
20.189966253999955,0.0,0.0,0.0
20.190075153999715,0.0,0.0,0.0
20.208749250999972,0.0,0.0,0.0
20.210392651000802,0.0,0.0,0.0
20.210679151001386,0.0,0.0,0.0
20.2285251480007,0.0,0.0,0.0
20.23023264800031,0.0,0.0,0.0
20.233432048000395,0.0,0.0,0.0
20.254831745000047,0.0,0.0,0.0
20.25595564499963,0.0,0.0,0.0
20.256361944000673,0.0,0.0,0.0
20.27437244199973,0.0,0.0,0.0
20.276214842000627,0.0,0.0,0.0
20.27634054200098,0.0,0.0,0.0
20.293730938999943,0.0,0.0,0.0
20.295481139000913,0.0,0.0,0.0
20.2955766390005,0.0,0.0,0.0
20.313238636999813,0.0,0.0,0.0
20.315108336000776,0.0,0.0,0.0
20.31529813599991,0.0,0.0,0.0
20.33267103400067,0.0,0.0,0.0
20.33451153399983,0.0,0.0,0.0
20.334617934000562,0.0,0.0,0.0
20.352309130999856,0.0,0.0,0.0
20.354222331001438,0.0,0.0,0.0
20.354328531000647,0.0,0.0,0.0
20.371841329000745,0.0,0.0,0.0
20.37366592900071,0.0,0.0,0.0
20.373958628000764,0.0,0.0,0.0
20.39133032599966,0.0,0.0,0.0
20.393223226001282,0.0,0.0,0.0
20.393536925999797,0.0,0.0,0.0
20.411874223000268,0.0,0.0,0.0
20.413538423001228,0.0,0.0,0.0
20.413840922999952,0.0,0.0,0.0
20.43159512100101,0.0,0.0,0.0
20.43347962000007,0.0,0.0,0.0
20.433586220000507,0.0,0.0,0.0
20.451535518001037,0.0,0.0,0.0
20.45338951800113,0.0,0.0,0.0
20.453492918000848,0.0,0.0,0.0
20.471552315000736,0.0,0.0,0.0
20.473476914999992,0.0,0.0,0.0
20.473766115001126,0.0,0.0,0.0
20.491553011999713,0.0,0.0,0.0
20.493323012000474,0.0,0.0,0.0
20.493593412000337,0.0,0.0,0.0
20.511832010000944,0.0,0.0,0.0
20.513423010001134,0.0,0.0,0.0
20.51359130899982,0.0,0.0,0.0
45.296891539999706,0.0,0.0,0.0
45.29805013999976,0.0,0.0,0.0
45.29856663999999,0.0,0.0,0.0
45.304102838999825,0.0,0.0,0.0
45.304904538999835,0.0,0.0,0.0
45.305174738999995,0.0,0.0,0.0
45.31001973800085,0.0,0.0,0.0
45.31067453800097,0.0,0.0,0.0
45.31098233800003,0.0,0.0,0.0
45.31785293699977,0.0,0.0,0.0
45.318209336999644,0.0,0.0,0.0
45.318294337001134,0.0,0.0,0.0
45.32304853599999,0.0,0.0,0.0
45.32500253600119,0.0,0.0,0.0
45.325501936000364,0.0,0.0,0.0
45.33234253500086,0.0,0.0,0.0
45.33334233500136,0.0,0.0,0.0
45.333669835001274,0.0,0.0,0.0
45.33967733400095,0.0,0.0,0.0
45.340823034001005,0.0,0.0,0.0
45.341172833999735,0.0,0.0,0.0
45.3494152330004,0.0,0.0,0.0
45.35018873300032,0.0,0.0,0.0
45.350491133000105,0.0,0.0,0.0
45.36122333100138,0.0,0.0,0.0
45.36248293100107,0.0,0.0,0.0
45.36281003099975,0.0,0.0,0.0
45.37552352900093,0.0,0.0,0.0
45.376698729000054,0.0,0.0,0.0
45.37698472900047,0.0,0.0,0.0
45.390039427000374,0.0,0.0,0.0
45.391453227000966,0.0,0.0,0.0
45.391824827000164,0.0,0.0,0.0
45.40511232500103,0.0,0.0,0.0
45.40686632500001,0.0,0.0,0.0
45.407347825001125,0.0,0.0,0.0
45.42170772300051,0.0,0.0,0.0
45.42312432300059,0.0,0.0,0.0
45.423624823000864,0.0,0.0,0.0
45.438464221000686,0.0,0.0,0.0
45.44016472000112,0.0,0.0,0.0
45.44069341999966,0.0,0.0,0.0
45.4562717179997,0.0,0.0,0.0
45.45782011800111,0.0,0.0,0.0
45.458252518001245,0.0,0.0,0.0
45.474688616001,0.0,0.0,0.0
45.47643931499988,0.0,0.0,0.0
45.476753115000975,0.0,0.0,0.0
45.4927196130011,0.0,0.0,0.0
45.49451671300085,0.0,0.0,0.0
45.49479551300101,0.0,0.0,0.0
45.51148601100067,0.0,0.0,0.0
45.51327371000116,0.0,0.0,0.0
45.51356040999963,0.0,0.0,0.0
95.11326666500099,0.0,0.0,0.0
95.1140670650002,0.0,0.0,0.0
95.11440516500079,0.0,0.0,0.0
95.1196762640011,0.0,0.0,0.0
95.12058926400096,0.0,0.0,0.0
95.12087076399985,0.0,0.0,0.0
95.12751546300024,0.0,0.0,0.0
95.128556863001,0.0,0.0,0.0
95.1289344630004,0.0,0.0,0.0
95.13600156200118,0.0,0.0,0.0
95.13691436200133,0.0,0.0,0.0
95.13726196199968,0.0,0.0,0.0
95.14154026100005,0.0,0.0,0.0
95.142627661,0.0,0.0,0.0
95.14327556100034,0.0,0.0,0.0
95.14852436000001,0.0,0.0,0.0
95.14925896000022,0.0,0.0,0.0
95.14960406000137,0.0,0.0,0.0
95.15473365900107,0.0,0.0,0.0
95.15552575900074,0.0,0.0,0.0
95.15568965900093,0.0,0.0,0.0
95.16187585800071,0.0,0.0,0.0
95.1627124580009,0.0,0.0,0.0
95.16310465800052,0.0,0.0,0.0
95.16853435700068,0.0,0.0,0.0
95.16950945700046,0.0,0.0,0.0
95.16992435700013,0.0,0.0,0.0
95.17505785700087,0.0,0.0,0.0
95.17684755600021,0.0,0.0,0.0
95.17694615599976,0.0,0.0,0.0
95.18118665600014,0.0,0.0,0.0
95.18203925600028,0.0,0.0,0.0
95.18246225599978,0.0,0.0,0.0
95.1872047550005,0.0,0.0,0.0
95.18797365499995,0.0,0.0,0.0
95.18833245499991,0.0,0.0,0.0
95.19472455400137,0.0,0.0,0.0
95.19605435400081,0.0,0.0,0.0
95.19653815400125,0.0,0.0,0.0
95.20117525299975,0.0,0.0,0.0
95.20197725300022,0.0,0.0,0.0
95.20234725299997,0.0,0.0,0.0
95.20728215200143,0.0,0.0,0.0
95.20815125199988,0.0,0.0,0.0
95.20866315199964,0.0,0.0,0.0
95.21372315100052,0.0,0.0,0.0
95.2145296510007,0.0,0.0,0.0
95.21479755099972,0.0,0.0,0.0
95.22077565000109,0.0,0.0,0.0
95.2216160500011,0.0,0.0,0.0
95.22202755000035,0.0,0.0,0.0
95.22815634900144,0.0,0.0,0.0
95.22907084899998,0.0,0.0,0.0
95.2293443489998,0.0,0.0,0.0
95.23420064899983,0.0,0.0,0.0
95.23504014799983,0.0,0.0,0.0
95.23547554800098,0.0,0.0,0.0
95.24109504800072,0.0,0.0,0.0
95.24312244700013,0.0,0.0,0.0
95.24323194700082,0.0,0.0,0.0
95.24907734699991,0.0,0.0,0.0
95.24982324600023,0.0,0.0,0.0
95.25001574599992,0.0,0.0,0.0
95.25522554600138,0.0,0.0,0.0
95.25615234600082,0.0,0.0,0.0
95.25648534600077,0.0,0.0,0.0
95.26194694500009,0.0,0.0,0.0
95.2630112450006,0.0,0.0,0.0
95.26339504499992,0.0,0.0,0.0
95.26833854400138,0.0,0.0,0.0
95.26914594400114,0.0,0.0,0.0
95.26954114399996,0.0,0.0,0.0
95.27392454300025,0.0,0.0,0.0
95.27480404299968,0.0,0.0,0.0
95.27533314300126,0.0,0.0,0.0
95.28030014199976,0.0,0.0,0.0
95.28095164200022,0.0,0.0,0.0
95.28131784200013,0.0,0.0,0.0
95.2866391410007,0.0,0.0,0.0
95.28762894099964,0.0,0.0,0.0
95.28794134100099,0.0,0.0,0.0
95.29417044000002,0.0,0.0,0.0
95.29529874000036,0.0,0.0,0.0
95.2956085400001,0.0,0.0,0.0
95.30069533999995,0.0,0.0,0.0
95.30199203899974,0.0,0.0,0.0
95.3021007389998,0.0,0.0,0.0
95.30804843900114,0.0,0.0,0.0
95.31041463800102,0.0,0.0,0.0
95.31072713800131,0.0,0.0,0.0
95.31820783700095,0.0,0.0,0.0
95.31929833700087,0.0,0.0,0.0
95.31976433700038,0.0,0.0,0.0
95.33069873500062,0.0,0.0,0.0
95.3318637350003,0.0,0.0,0.0
95.33223313500093,0.0,0.0,0.0
95.34490313400056,0.0,0.0,0.0
95.34665923300054,0.0,0.0,0.0
95.3471926330003,0.0,0.0,0.0
95.36233873099991,0.0,0.0,0.0
95.36367863099986,0.0,0.0,0.0
95.36386103100085,0.0,0.0,0.0
95.3832790280012,0.0,0.0,0.0
95.38468672800082,0.0,0.0,0.0
95.38497872800144,0.0,0.0,0.0
95.4013849260009,0.0,0.0,0.0
95.40522252499977,0.0,0.0,0.0
95.40626902500117,0.0,0.0,0.0
95.42223122300129,0.0,0.0,0.0
95.42398292300095,0.0,0.0,0.0
95.424560423,0.0,0.0,0.0
95.44035362100112,0.0,0.0,0.0
95.44181811999988,0.0,0.0,0.0
95.44244572000025,0.0,0.0,0.0
95.45884021799975,0.0,0.0,0.0
95.46024971800034,0.0,0.0,0.0
95.46070001800035,0.0,0.0,0.0
95.47703981599989,0.0,0.0,0.0
95.47882021500118,0.0,0.0,0.0
95.47927581499971,0.0,0.0,0.0
95.49585931300135,0.0,0.0,0.0
95.49791851300142,0.0,0.0,0.0
95.49831391299995,0.0,0.0,0.0
95.51472880999972,0.0,0.0,0.0
95.51665671000046,0.0,0.0,0.0
95.517267610001,0.0,0.0,0.0
95.53458650799985,0.0,0.0,0.0
95.53592440800094,0.0,0.0,0.0
95.5364218070008,0.0,0.0,0.0
95.55348460500136,0.0,0.0,0.0
95.55530230499971,0.0,0.0,0.0
95.55562820500018,0.0,0.0,0.0
95.57320060200072,0.0,0.0,0.0
95.57523600199966,0.0,0.0,0.0
95.5758355020007,0.0,0.0,0.0
95.59308800000144,0.0,0.0,0.0
95.59488160000001,0.0,0.0,0.0
95.59525259899965,0.0,0.0,0.0
95.61243939700034,0.0,0.0,0.0
95.61443929699999,0.0,0.0,0.0
95.61496219699984,0.0,0.0,0.0
95.63329059399985,0.0,0.0,0.0
95.63492099399991,0.0,0.0,0.0
95.63582349399985,0.0,0.0,0.0
95.65252989200053,0.0,0.0,0.0
95.65434339100102,0.0,0.0,0.0
95.65464439100106,0.0,0.0,0.0
95.67244208900047,0.0,0.0,0.0
95.674520089,0.0,0.0,0.0
95.67505418899964,0.0,0.0,0.0
95.69237978599995,0.0,0.0,0.0
95.69418068600135,0.0,0.0,0.0
95.69446128600066,0.0,0.0,0.0
95.71197458400093,0.0,0.0,0.0
95.71392188299978,0.0,0.0,0.0
95.71422408299986,0.0,0.0,0.0
95.73235478100105,0.0,0.0,0.0
95.7339952809998,0.0,0.0,0.0
95.73454918100106,0.0,0.0,0.0
95.75209327800076,0.0,0.0,0.0
95.75391687800038,0.0,0.0,0.0
95.75419387800139,0.0,0.0,0.0
120.29864793900015,0.0,0.0,0.0
120.30041453900049,0.0,0.0,0.0
120.30080133900083,0.0,0.0,0.0
120.31918383700031,0.0,0.0,0.0
120.32105243600017,0.0,0.0,0.0
120.32134153600055,0.0,0.0,0.0
120.33871863400054,0.0,0.0,0.0
120.34061253400068,0.0,0.0,0.0
120.3408989340005,0.0,0.0,0.0
120.3592940310009,0.0,0.0,0.0
120.3609282310008,0.0,0.0,0.0
120.36135783100144,0.0,0.0,0.0
120.37863502900109,0.0,0.0,0.0
120.38057542800016,0.0,0.0,0.0
120.3808693280007,0.0,0.0,0.0
120.39862222600095,0.0,0.0,0.0
120.40043942600096,0.0,0.0,0.0
120.40096952600106,0.0,0.0,0.0
120.42153002300074,0.0,0.0,0.0
120.42334362200017,0.0,0.0,0.0
120.42381982200095,0.0,0.0,0.0
120.4411197190002,0.0,0.0,0.0
120.44363701899965,0.0,0.0,0.0
120.44411761900119,0.0,0.0,0.0
120.4620862160009,0.0,0.0,0.0
120.4637204160008,0.0,0.0,0.0
120.46423641600086,0.0,0.0,0.0
120.4819149140003,0.0,0.0,0.0
120.48393751300137,0.0,0.0,0.0
120.48443711300024,0.0,0.0,0.0
120.50227611100127,0.0,0.0,0.0
120.50414221100073,0.0,0.0,0.0
120.50442601100076,0.0,0.0,0.0
120.52216490800129,0.0,0.0,0.0
120.52408610800012,0.0,0.0,0.0
120.52441610800088,0.0,0.0,0.0
120.54194340600043,0.0,0.0,0.0
120.54416450500139,0.0,0.0,0.0
120.54447850500037,0.0,0.0,0.0
120.56242950300111,0.0,0.0,0.0
120.56380080300005,0.0,0.0,0.0
120.56418730299993,0.0,0.0,0.0
120.5819105999999,0.0,0.0,0.0
120.58384840000144,0.0,0.0,0.0
120.58443090000037,0.0,0.0,0.0
120.60213109700089,0.0,0.0,0.0
120.60405049700057,0.0,0.0,0.0
120.60442759699981,0.0,0.0,0.0
120.62258439499965,0.0,0.0,0.0
120.62452729400138,0.0,0.0,0.0
120.62481529400065,0.0,0.0,0.0
120.6427664920011,0.0,0.0,0.0
120.64454969200051,0.0,0.0,0.0
120.64485059199978,0.0,0.0,0.0
120.66261128900078,0.0,0.0,0.0
120.66411478900045,0.0,0.0,0.0
120.66440318900095,0.0,0.0,0.0
120.68221178699969,0.0,0.0,0.0
120.68419548600104,0.0,0.0,0.0
120.68462838600135,0.0,0.0,0.0
120.70263118399998,0.0,0.0,0.0
120.7043569840007,0.0,0.0,0.0
120.70470968300106,0.0,0.0,0.0
120.72284058100013,0.0,0.0,0.0
170.30965363700125,0.0,0.0,0.0
170.31747973600068,0.0,0.0,0.0
170.31806933600092,0.0,0.0,0.0
170.3235557349999,0.0,0.0,0.0
170.3256822350013,0.0,0.0,0.0
170.32618053500119,0.0,0.0,0.0
170.33112853400053,0.0,0.0,0.0
170.332706434001,0.0,0.0,0.0
170.33301263400062,0.0,0.0,0.0
170.33719013300106,0.0,0.0,0.0
170.33929673300008,0.0,0.0,0.0
170.33958903300118,0.0,0.0,0.0
170.34533373200065,0.0,0.0,0.0
170.34811333200014,0.0,0.0,0.0
170.34857163200104,0.0,0.0,0.0
170.35202463099995,0.0,0.0,0.0
170.35442523100028,0.0,0.0,0.0
170.35478803099977,0.0,0.0,0.0
170.35919703000036,0.0,0.0,0.0
170.36204782999994,0.0,0.0,0.0
170.36237513000015,0.0,0.0,0.0
170.3661429290005,0.0,0.0,0.0
170.3682728290005,0.0,0.0,0.0
170.3686018290009,0.0,0.0,0.0
170.373832528001,0.0,0.0,0.0
170.3755278280005,0.0,0.0,0.0
170.37583862800057,0.0,0.0,0.0
170.38044412700037,0.0,0.0,0.0
170.38215402700007,0.0,0.0,0.0
170.38260482700025,0.0,0.0,0.0
170.38702202600143,0.0,0.0,0.0
170.38925932600068,0.0,0.0,0.0
170.38962502600043,0.0,0.0,0.0
170.39335172600113,0.0,0.0,0.0
170.39557122500082,0.0,0.0,0.0
170.3960665249997,0.0,0.0,0.0
170.40024902500045,0.0,0.0,0.0
170.40181622400087,0.0,0.0,0.0
170.4022316240007,0.0,0.0,0.0
170.40650662400003,0.0,0.0,0.0
170.40850182400027,0.0,0.0,0.0
170.40888252399964,0.0,0.0,0.0
170.41535942300106,0.0,0.0,0.0
170.41778212200006,0.0,0.0,0.0
170.418284622001,0.0,0.0,0.0
170.4272005210005,0.0,0.0,0.0
170.42946562100042,0.0,0.0,0.0
170.43005802100015,0.0,0.0,0.0
170.43729752000036,0.0,0.0,0.0
170.4391597190006,0.0,0.0,0.0
170.43965881900112,0.0,0.0,0.0
170.44846471799974,0.0,0.0,0.0
170.4503347179998,0.0,0.0,0.0
170.45062951799991,0.0,0.0,0.0
170.45549221700094,0.0,0.0,0.0
170.45719391700004,0.0,0.0,0.0
170.457486917001,0.0,0.0,0.0
170.46190281600138,0.0,0.0,0.0
170.46384001600018,0.0,0.0,0.0
170.46416391599996,0.0,0.0,0.0
170.46788351500072,0.0,0.0,0.0
170.46993401500004,0.0,0.0,0.0
170.47043091500018,0.0,0.0,0.0
170.4742223150006,0.0,0.0,0.0
170.47630171400124,0.0,0.0,0.0
170.47681691400066,0.0,0.0,0.0
170.48156451400064,0.0,0.0,0.0
170.4835546129998,0.0,0.0,0.0
170.4838613130014,0.0,0.0,0.0
170.4884742129998,0.0,0.0,0.0
170.49026901199977,0.0,0.0,0.0
170.49064141200142,0.0,0.0,0.0
170.4945634120013,0.0,0.0,0.0
170.49668481200024,0.0,0.0,0.0
170.49714501200106,0.0,0.0,0.0
170.50173511100002,0.0,0.0,0.0
170.50437271100054,0.0,0.0,0.0
170.50477210999998,0.0,0.0,0.0
170.50874531000045,0.0,0.0,0.0
170.51046961000065,0.0,0.0,0.0
170.51101431000097,0.0,0.0,0.0
170.51595080900006,0.0,0.0,0.0
170.51868670899967,0.0,0.0,0.0
170.51921970900003,0.0,0.0,0.0
170.52437630799977,0.0,0.0,0.0
170.52655760800008,0.0,0.0,0.0
170.52694670700112,0.0,0.0,0.0
170.53241720700134,0.0,0.0,0.0
170.534718506,0.0,0.0,0.0
170.53530240600048,0.0,0.0,0.0
170.5434554050007,0.0,0.0,0.0
170.54647410500002,0.0,0.0,0.0
170.54693190500075,0.0,0.0,0.0
170.5553780040009,0.0,0.0,0.0
170.55868810300126,0.0,0.0,0.0
170.55912260300101,0.0,0.0,0.0
170.5696673020011,0.0,0.0,0.0
170.57297640100114,0.0,0.0,0.0
170.57327740100118,0.0,0.0,0.0
170.5843018000014,0.0,0.0,0.0
170.58847019899986,0.0,0.0,0.0
170.5888094990005,0.0,0.0,0.0
170.60019689799992,0.0,0.0,0.0
170.6045314969997,0.0,0.0,0.0
170.604886997,0.0,0.0,0.0
170.61701779500072,0.0,0.0,0.0
170.62126379500114,0.0,0.0,0.0
170.62156159500046,0.0,0.0,0.0
170.63387899300142,0.0,0.0,0.0
170.63840499199978,0.0,0.0,0.0
170.63889009200102,0.0,0.0,0.0
170.65208309000081,0.0,0.0,0.0
170.6568433900011,0.0,0.0,0.0
170.65700999,0.0,0.0,0.0
170.671667988001,0.0,0.0,0.0
170.67616738700053,0.0,0.0,0.0
170.67677528700005,0.0,0.0,0.0
170.69002338500104,0.0,0.0,0.0
170.69482128500022,0.0,0.0,0.0
170.6954501850014,0.0,0.0,0.0
170.7088291830005,0.0,0.0,0.0
170.71371228200042,0.0,0.0,0.0
170.7140176820012,0.0,0.0,0.0
170.7282351800004,0.0,0.0,0.0
170.73276237900063,0.0,0.0,0.0
170.73308637900118,0.0,0.0,0.0
170.7476031770002,0.0,0.0,0.0
170.75212217700027,0.0,0.0,0.0
170.7527266770012,0.0,0.0,0.0
170.76652447500055,0.0,0.0,0.0
170.771430574001,0.0,0.0,0.0
170.77172477400018,0.0,0.0,0.0
170.78634177200001,0.0,0.0,0.0
170.7909678720007,0.0,0.0,0.0
170.79125657199984,0.0,0.0,0.0
170.8059113700001,0.0,0.0,0.0
170.81095966900102,0.0,0.0,0.0
170.81156706900038,0.0,0.0,0.0
170.82553616699988,0.0,0.0,0.0
170.83043896600066,0.0,0.0,0.0
170.83094556600008,0.0,0.0,0.0
170.84566766399985,0.0,0.0,0.0
170.85013366400017,0.0,0.0,0.0
170.8504255630014,0.0,0.0,0.0
170.8651258610007,0.0,0.0,0.0
170.870525661001,0.0,0.0,0.0
170.8710469610014,0.0,0.0,0.0
170.88500905900037,0.0,0.0,0.0
170.89006275800057,0.0,0.0,0.0
170.89039895800124,0.0,0.0,0.0
170.9054300560001,0.0,0.0,0.0
170.9103603550011,0.0,0.0,0.0
170.91084815500108,0.0,0.0,0.0
170.92539515300086,0.0,0.0,0.0
170.93067545300073,0.0,0.0,0.0
170.93109195299985,0.0,0.0,0.0
170.9460404500005,0.0,0.0,0.0
170.95040384999993,0.0,0.0,0.0
170.95071155000005,0.0,0.0,0.0
170.96529614800056,0.0,0.0,0.0
170.97044624699993,0.0,0.0,0.0
170.97075244700136,0.0,0.0,0.0
170.98558674500055,0.0,0.0,0.0
170.99035124400143,0.0,0.0,0.0
170.99064684400037,0.0,0.0,0.0
171.00518474199998,0.0,0.0,0.0
171.01017814199986,0.0,0.0,0.0
171.01062334200105,0.0,0.0,0.0
171.02537563999977,0.0,0.0,0.0
171.03043023900136,0.0,0.0,0.0
171.0307340390009,0.0,0.0,0.0
171.04592513700118,0.0,0.0,0.0
171.05042363600114,0.0,0.0,0.0
171.05074073600008,0.0,0.0,0.0
171.0654855339999,0.0,0.0,0.0
171.070513734001,0.0,0.0,0.0
171.07094863400016,0.0,0.0,0.0
171.0858537310014,0.0,0.0,0.0
171.09077583100043,0.0,0.0,0.0
171.091123831,0.0,0.0,0.0
171.10584422900138,0.0,0.0,0.0
171.1109976280004,0.0,0.0,0.0
171.11155682800018,0.0,0.0,0.0
171.12572582600114,0.0,0.0,0.0
171.13083192500017,0.0,0.0,0.0
171.13124472500022,0.0,0.0,0.0
171.1465126230014,0.0,0.0,0.0
171.15109552300055,0.0,0.0,0.0
171.15140842300025,0.0,0.0,0.0
171.16613042100107,0.0,0.0,0.0
171.1713623200012,0.0,0.0,0.0
171.17185591999987,0.0,0.0,0.0
171.18646041800093,0.0,0.0,0.0
171.1920875169999,0.0,0.0,0.0
171.192440017001,0.0,0.0,0.0
171.20701411499977,0.0,0.0,0.0
171.21216851400095,0.0,0.0,0.0
171.21250231399972,0.0,0.0,0.0
171.2276616119998,0.0,0.0,0.0
171.23265121199984,0.0,0.0,0.0
171.23293741100133,0.0,0.0,0.0
171.24851980899984,0.0,0.0,0.0
171.25317960900065,0.0,0.0,0.0
171.253643809001,0.0,0.0,0.0
171.2678198070007,0.0,0.0,0.0
171.2726709060007,0.0,0.0,0.0
171.27296700599982,0.0,0.0,0.0
171.28760430400143,0.0,0.0,0.0
171.29241490300046,0.0,0.0,0.0
171.29271070300092,0.0,0.0,0.0
171.30721610100045,0.0,0.0,0.0
171.31233400100064,0.0,0.0,0.0
171.31265180100127,0.0,0.0,0.0
171.32847259899972,0.0,0.0,0.0
171.33387449800102,0.0,0.0,0.0
171.33433209800023,0.0,0.0,0.0
171.35066909499983,0.0,0.0,0.0
171.35525489500105,0.0,0.0,0.0
171.3555880950007,0.0,0.0,0.0
171.37009449300058,0.0,0.0,0.0
171.3747730920004,0.0,0.0,0.0
171.37526439199974,0.0,0.0,0.0
171.3895017900013,0.0,0.0,0.0
171.39447828999982,0.0,0.0,0.0
171.39505208900118,0.0,0.0,0.0
171.40920688799997,0.0,0.0,0.0
171.41430428700005,0.0,0.0,0.0
171.4145979870009,0.0,0.0,0.0
171.42981778500143,0.0,0.0,0.0
171.43474878400048,0.0,0.0,0.0
171.43534328399983,0.0,0.0,0.0
171.45025018200067,0.0,0.0,0.0
171.4547448810008,0.0,0.0,0.0
171.45526138100104,0.0,0.0,0.0
171.47118317900095,0.0,0.0,0.0
171.4762642780006,0.0,0.0,0.0
171.47669887800112,0.0,0.0,0.0
171.49134467600015,0.0,0.0,0.0
171.49640357600038,0.0,0.0,0.0
171.49690087599993,0.0,0.0,0.0
171.51146067400077,0.0,0.0,0.0
171.51607657299974,0.0,0.0,0.0
171.5164082730007,0.0,0.0,0.0
171.5310105710014,0.0,0.0,0.0
171.53606887000024,0.0,0.0,0.0
171.53661597000064,0.0,0.0,0.0
171.55150826800127,0.0,0.0,0.0
171.5562419680009,0.0,0.0,0.0
171.5565700670013,0.0,0.0,0.0
171.5715378650002,0.0,0.0,0.0
171.57640056499986,0.0,0.0,0.0
171.57672806499977,0.0,0.0,0.0
171.59156276300018,0.0,0.0,0.0
171.59650066200084,0.0,0.0,0.0
171.59679886200138,0.0,0.0,0.0
171.61136176000036,0.0,0.0,0.0
171.61627565900017,0.0,0.0,0.0
171.61660975900122,0.0,0.0,0.0
171.6311036570005,0.0,0.0,0.0
171.63641235700015,0.0,0.0,0.0
171.63686225700076,0.0,0.0,0.0
171.65168595500108,0.0,0.0,0.0
171.65625685400119,0.0,0.0,0.0
171.65656685400063,0.0,0.0,0.0
171.6717007520001,0.0,0.0,0.0
171.67608655100048,0.0,0.0,0.0
171.67648365100104,0.0,0.0,0.0
171.691125749001,0.0,0.0,0.0
171.69626734899975,0.0,0.0,0.0
171.6967525480013,0.0,0.0,0.0
171.71138524600065,0.0,0.0,0.0
171.71651064599973,0.0,0.0,0.0
171.71682334599973,0.0,0.0,0.0
171.73227614400093,0.0,0.0,0.0
171.73713324300115,0.0,0.0,0.0
171.73743404299967,0.0,0.0,0.0
171.75288824100062,0.0,0.0,0.0
171.75756814000124,0.0,0.0,0.0
171.75786014000005,0.0,0.0,0.0
171.77269573800004,0.0,0.0,0.0
171.77771933700024,0.0,0.0,0.0
171.77830363700014,0.0,0.0,0.0
171.7923180350008,0.0,0.0,0.0
171.79732023500037,0.0,0.0,0.0
171.79762263500015,0.0,0.0,0.0
171.8124295329999,0.0,0.0,0.0
171.81738433200007,0.0,0.0,0.0
171.81771123200087,0.0,0.0,0.0
171.83226742999977,0.0,0.0,0.0
171.83735882899964,0.0,0.0,0.0
171.83777552900028,0.0,0.0,0.0
171.8529104270001,0.0,0.0,0.0
171.85751592700035,0.0,0.0,0.0
171.85781232699992,0.0,0.0,0.0
171.87257522500113,0.0,0.0,0.0
171.87780132400076,0.0,0.0,0.0
171.87811762400088,0.0,0.0,0.0
171.89262532199973,0.0,0.0,0.0
171.8975922210011,0.0,0.0,0.0
171.89795252099975,0.0,0.0,0.0
171.91255441900103,0.0,0.0,0.0
171.91763131800144,0.0,0.0,0.0
171.91792951800016,0.0,0.0,0.0
171.93307351600015,0.0,0.0,0.0
171.9380371160005,0.0,0.0,0.0
171.93842371600113,0.0,0.0,0.0
171.95356611399984,0.0,0.0,0.0
171.95799051300128,0.0,0.0,0.0
171.95841011300035,0.0,0.0,0.0
171.97295771100107,0.0,0.0,0.0
171.97796001000097,0.0,0.0,0.0
171.9782763100011,0.0,0.0,0.0
171.99374040800103,0.0,0.0,0.0
171.9987094070002,0.0,0.0,0.0
171.99906760700105,0.0,0.0,0.0
172.01361390500097,0.0,0.0,0.0
172.01861990500038,0.0,0.0,0.0
172.01920510499986,0.0,0.0,0.0
172.0336275030004,0.0,0.0,0.0
172.03883590199985,0.0,0.0,0.0
172.0394343019998,0.0,0.0,0.0
172.05472499999996,0.0,0.0,0.0
172.05959029900077,0.0,0.0,0.0
172.05988799900115,0.0,0.0,0.0
172.0747421970009,0.0,0.0,0.0
172.0796392960001,0.0,0.0,0.0
172.0799751960003,0.0,0.0,0.0
172.09473669399995,0.0,0.0,0.0
172.0996963939997,0.0,0.0,0.0
172.10011019400008,0.0,0.0,0.0
172.1150074920006,0.0,0.0,0.0
172.1200411910013,0.0,0.0,0.0
172.12037399099972,0.0,0.0,0.0
172.13526398900103,0.0,0.0,0.0
172.14010658799998,0.0,0.0,0.0
172.14050058800058,0.0,0.0,0.0
172.15573668599973,0.0,0.0,0.0
172.1608510850001,0.0,0.0,0.0
172.16141118500127,0.0,0.0,0.0
172.17516148300092,0.0,0.0,0.0
172.18095258300127,0.0,0.0,0.0
172.18131218300005,0.0,0.0,0.0
172.19574618099978,0.0,0.0,0.0
172.2006903800011,0.0,0.0,0.0
172.20115668000108,0.0,0.0,0.0
172.21652537800037,0.0,0.0,0.0
172.2211587769998,0.0,0.0,0.0
172.22170447700046,0.0,0.0,0.0
172.23643687500044,0.0,0.0,0.0
172.2413162740013,0.0,0.0,0.0
172.24180857400097,0.0,0.0,0.0
172.25701107200075,0.0,0.0,0.0
172.2616713719999,0.0,0.0,0.0
172.2621496720003,0.0,0.0,0.0
172.27664307000123,0.0,0.0,0.0
172.28177556900118,0.0,0.0,0.0
172.2820886690006,0.0,0.0,0.0
172.29639806700106,0.0,0.0,0.0
172.30139026600045,0.0,0.0,0.0
172.301791666001,0.0,0.0,0.0
172.3163341640011,0.0,0.0,0.0
172.32127256400054,0.0,0.0,0.0
172.3215730640004,0.0,0.0,0.0
172.3363567610013,0.0,0.0,0.0
172.3409664610008,0.0,0.0,0.0
172.34127056100078,0.0,0.0,0.0
172.3565383590012,0.0,0.0,0.0
172.36130315800074,0.0,0.0,0.0
172.36184855800093,0.0,0.0,0.0
172.37611705600102,0.0,0.0,0.0
172.38104255500002,0.0,0.0,0.0
172.3813879549998,0.0,0.0,0.0
172.39642585300135,0.0,0.0,0.0
172.40137295299974,0.0,0.0,0.0
172.40174675300113,0.0,0.0,0.0
172.41635175100055,0.0,0.0,0.0
172.42151945000114,0.0,0.0,0.0
172.42181325000092,0.0,0.0,0.0
172.43677994800055,0.0,0.0,0.0
172.44162314700043,0.0,0.0,0.0
172.4420741470003,0.0,0.0,0.0
172.45715884499987,0.0,0.0,0.0
172.46176124399972,0.0,0.0,0.0
172.46211104400027,0.0,0.0,0.0
172.476978142,0.0,0.0,0.0
172.48185284200008,0.0,0.0,0.0
172.48230284199963,0.0,0.0,0.0
172.49856373900002,0.0,0.0,0.0
172.5031915390009,0.0,0.0,0.0
172.5039184390007,0.0,0.0,0.0
172.5179221369999,0.0,0.0,0.0
172.5227814360005,0.0,0.0,0.0
172.5231240360008,0.0,0.0,0.0
172.5379381340008,0.0,0.0,0.0
172.54308713300088,0.0,0.0,0.0
172.54364743299993,0.0,0.0,0.0
172.55819433100078,0.0,0.0,0.0
172.56314873100018,0.0,0.0,0.0
172.56355263099977,0.0,0.0,0.0
172.57784242900016,0.0,0.0,0.0
172.58270422799978,0.0,0.0,0.0
172.58305442799974,0.0,0.0,0.0
172.59757412600084,0.0,0.0,0.0
172.60276812499978,0.0,0.0,0.0
172.60315212500063,0.0,0.0,0.0
172.61779762300102,0.0,0.0,0.0
172.6226987230002,0.0,0.0,0.0
172.62304702300025,0.0,0.0,0.0
172.63737342100103,0.0,0.0,0.0
172.6422908200002,0.0,0.0,0.0
172.6425809200009,0.0,0.0,0.0
172.6580006180011,0.0,0.0,0.0
172.66267011700074,0.0,0.0,0.0
172.66303261699977,0.0,0.0,0.0
172.67855491500086,0.0,0.0,0.0
172.6832737140012,0.0,0.0,0.0
172.68357511400063,0.0,0.0,0.0
172.6981645120013,0.0,0.0,0.0
172.70324631200128,0.0,0.0,0.0
172.7035955120009,0.0,0.0,0.0
172.71832851,0.0,0.0,0.0
172.72361220899984,0.0,0.0,0.0
172.72413260900066,0.0,0.0,0.0
172.7393197070014,0.0,0.0,0.0
172.74453710600028,0.0,0.0,0.0
172.74492770600045,0.0,0.0,0.0
172.75990160400033,0.0,0.0,0.0
172.76443940300123,0.0,0.0,0.0
172.76472970299983,0.0,0.0,0.0
172.77942100099972,0.0,0.0,0.0
172.78429040100127,0.0,0.0,0.0
172.78476070100078,0.0,0.0,0.0
172.79892199900132,0.0,0.0,0.0
172.80388179800138,0.0,0.0,0.0
172.8041898980009,0.0,0.0,0.0
172.81919739600016,0.0,0.0,0.0
172.82372469500115,0.0,0.0,0.0
172.8240215950009,0.0,0.0,0.0
172.83883509299994,0.0,0.0,0.0
172.84399009200024,0.0,0.0,0.0
172.84455909200005,0.0,0.0,0.0
172.86007399000118,0.0,0.0,0.0
172.86510719000034,0.0,0.0,0.0
172.86547548999988,0.0,0.0,0.0
172.8800279879997,0.0,0.0,0.0
172.88535198700083,0.0,0.0,0.0
172.88611748699986,0.0,0.0,0.0
172.8997766850007,0.0,0.0,0.0
172.90477888399982,0.0,0.0,0.0
172.90508358400075,0.0,0.0,0.0
172.91974738200042,0.0,0.0,0.0
172.9247960820012,0.0,0.0,0.0
172.92507868100074,0.0,0.0,0.0
172.93988737899963,0.0,0.0,0.0
172.94502327900045,0.0,0.0,0.0
172.94531407900104,0.0,0.0,0.0
172.96058267700027,0.0,0.0,0.0
172.96509577600045,0.0,0.0,0.0
172.9654281760013,0.0,0.0,0.0
172.98011667399987,0.0,0.0,0.0
172.9854477730005,0.0,0.0,0.0
172.98604047300068,0.0,0.0,0.0
173.00002447100087,0.0,0.0,0.0
173.00525677100086,0.0,0.0,0.0
173.00577537000026,0.0,0.0,0.0
173.02014476899967,0.0,0.0,0.0
173.02510376800092,0.0,0.0,0.0
173.02555136800038,0.0,0.0,0.0
173.0401817660004,0.0,0.0,0.0
173.04516656499982,0.0,0.0,0.0
173.04559386500114,0.0,0.0,0.0
173.0608955630014,0.0,0.0,0.0
173.06565046200012,0.0,0.0,0.0
173.06627706200015,0.0,0.0,0.0
173.08048555999994,0.0,0.0,0.0
173.08602126000005,0.0,0.0,0.0
173.08621925999978,0.0,0.0,0.0
173.10040805800054,0.0,0.0,0.0
173.10541435699997,0.0,0.0,0.0
173.10587485700125,0.0,0.0,0.0
173.12106445500103,0.0,0.0,0.0
173.1259162540009,0.0,0.0,0.0
173.12659145399994,0.0,0.0,0.0
173.14111115200103,0.0,0.0,0.0
173.14609195100093,0.0,0.0,0.0
173.1466055510009,0.0,0.0,0.0
173.16160594900066,0.0,0.0,0.0
173.16629134899995,0.0,0.0,0.0
173.16664384900105,0.0,0.0,0.0
173.18130934700093,0.0,0.0,0.0
173.18632064600024,0.0,0.0,0.0
173.1866652460012,0.0,0.0,0.0
173.20108624400018,0.0,0.0,0.0
173.2062573430012,0.0,0.0,0.0
173.2065674430014,0.0,0.0,0.0
173.2209765410007,0.0,0.0,0.0
173.225987541,0.0,0.0,0.0
173.2263150409999,0.0,0.0,0.0
173.24132813800134,0.0,0.0,0.0
173.24629333800112,0.0,0.0,0.0
173.2466054380002,0.0,0.0,0.0
173.26239203600016,0.0,0.0,0.0
173.26701463500103,0.0,0.0,0.0
173.26732053500018,0.0,0.0,0.0
173.28215833300055,0.0,0.0,0.0
173.28705983200052,0.0,0.0,0.0
173.2873721320011,0.0,0.0,0.0
173.3028802300014,0.0,0.0,0.0
173.3076687290013,0.0,0.0,0.0
173.3080459290013,0.0,0.0,0.0
173.32253882700024,0.0,0.0,0.0
173.32776632700006,0.0,0.0,0.0
173.32807222700103,0.0,0.0,0.0
173.34225692499967,0.0,0.0,0.0
173.34733752400098,0.0,0.0,0.0
173.3476415240002,0.0,0.0,0.0
173.3629137220014,0.0,0.0,0.0
173.36739542100077,0.0,0.0,0.0
173.36769332100084,0.0,0.0,0.0
173.38239701900056,0.0,0.0,0.0
173.38762591900013,0.0,0.0,0.0
173.38806111899976,0.0,0.0,0.0
173.40280211699974,0.0,0.0,0.0
173.40745711599993,0.0,0.0,0.0
173.40784381600133,0.0,0.0,0.0
173.4225771140009,0.0,0.0,0.0
173.42763871300122,0.0,0.0,0.0
173.42814791300043,0.0,0.0,0.0
173.44237371100098,0.0,0.0,0.0
173.44753301000128,0.0,0.0,0.0
173.44804231000126,0.0,0.0,0.0
173.46331020800062,0.0,0.0,0.0
173.4679285080001,0.0,0.0,0.0
173.4684849080004,0.0,0.0,0.0
173.48287490599978,0.0,0.0,0.0
173.4879705050007,0.0,0.0,0.0
173.48844760500106,0.0,0.0,0.0
173.5032951030007,0.0,0.0,0.0
173.50795640199976,0.0,0.0,0.0
173.50824340200052,0.0,0.0,0.0
173.52327630000036,0.0,0.0,0.0
173.5282253990008,0.0,0.0,0.0
173.5286894990004,0.0,0.0,0.0
173.5441045970001,0.0,0.0,0.0
173.5487605970011,0.0,0.0,0.0
173.54904669700045,0.0,0.0,0.0
173.5643229950001,0.0,0.0,0.0
173.56917299400084,0.0,0.0,0.0
173.56953039400105,0.0,0.0,0.0
173.5841068919999,0.0,0.0,0.0
173.58916519100057,0.0,0.0,0.0
173.5896113910003,0.0,0.0,0.0
173.60409948900087,0.0,0.0,0.0
173.60903328800123,0.0,0.0,0.0
173.60936848799975,0.0,0.0,0.0
173.62407798599997,0.0,0.0,0.0
173.62905348599998,0.0,0.0,0.0
173.6293871859998,0.0,0.0,0.0
173.64511738400142,0.0,0.0,0.0
173.64979188300094,0.0,0.0,0.0
173.65008388299975,0.0,0.0,0.0
173.665593781001,0.0,0.0,0.0
173.67041188000076,0.0,0.0,0.0
173.67101358000036,0.0,0.0,0.0
173.68557887800125,0.0,0.0,0.0
173.69214197700057,0.0,0.0,0.0
173.69250737699986,0.0,0.0,0.0
173.70714687500003,0.0,0.0,0.0
173.71188967499984,0.0,0.0,0.0
173.7123724740013,0.0,0.0,0.0
173.7276508720006,0.0,0.0,0.0
173.73169507199964,0.0,0.0,0.0
173.73205377200065,0.0,0.0,0.0
173.74685796999984,0.0,0.0,0.0
173.751632169,0.0,0.0,0.0
173.752283369,0.0,0.0,0.0
173.76813476700045,0.0,0.0,0.0
173.7732427660012,0.0,0.0,0.0
173.77384786600123,0.0,0.0,0.0
173.7877686640004,0.0,0.0,0.0
173.79274596400137,0.0,0.0,0.0
173.79335256299964,0.0,0.0,0.0
173.807609761001,0.0,0.0,0.0
173.81255916100054,0.0,0.0,0.0
173.81286366099994,0.0,0.0,0.0
173.82757535900055,0.0,0.0,0.0
173.8324263579998,0.0,0.0,0.0
173.83282535800026,0.0,0.0,0.0
173.8473550560011,0.0,0.0,0.0
173.8524048550007,0.0,0.0,0.0
173.85286285500115,0.0,0.0,0.0
173.86751775300036,0.0,0.0,0.0
173.87404305200107,0.0,0.0,0.0
173.87440755200078,0.0,0.0,0.0
173.8889802499998,0.0,0.0,0.0
173.89415354999983,0.0,0.0,0.0
173.89449065000008,0.0,0.0,0.0
173.90924504800023,0.0,0.0,0.0
173.91444054699969,0.0,0.0,0.0
173.91475874699972,0.0,0.0,0.0
173.92990204499984,0.0,0.0,0.0
173.93530634400122,0.0,0.0,0.0
173.9355186440007,0.0,0.0,0.0
173.95057564200033,0.0,0.0,0.0
173.9556367410005,0.0,0.0,0.0
173.9559655410012,0.0,0.0,0.0
173.97057653900083,0.0,0.0,0.0
173.97493453900097,0.0,0.0,0.0
173.97525783899982,0.0,0.0,0.0
173.98993753700051,0.0,0.0,0.0
173.9947547360007,0.0,0.0,0.0
173.99525343599998,0.0,0.0,0.0
174.0096739340006,0.0,0.0,0.0
174.01479573300094,0.0,0.0,0.0
174.0151373330009,0.0,0.0,0.0
174.02967403100047,0.0,0.0,0.0
174.03455993100033,0.0,0.0,0.0
174.03518123100002,0.0,0.0,0.0
174.0494403290013,0.0,0.0,0.0
174.05461462800122,0.0,0.0,0.0
174.0549903280007,0.0,0.0,0.0
174.07015502600007,0.0,0.0,0.0
174.07542432500122,0.0,0.0,0.0
174.07640582500062,0.0,0.0,0.0
174.09024052300083,0.0,0.0,0.0
174.09526752199963,0.0,0.0,0.0
174.09563042199989,0.0,0.0,0.0
174.11040052000135,0.0,0.0,0.0
174.11509152000144,0.0,0.0,0.0
174.11544672000127,0.0,0.0,0.0
174.13014511800066,0.0,0.0,0.0
174.13508061700122,0.0,0.0,0.0
174.13561931700133,0.0,0.0,0.0
174.1505773150002,0.0,0.0,0.0
174.1559755140006,0.0,0.0,0.0
174.15629361399988,0.0,0.0,0.0
174.17175251200024,0.0,0.0,0.0
174.17644661099985,0.0,0.0,0.0
174.17695011100113,0.0,0.0,0.0
174.19145780899998,0.0,0.0,0.0
174.19629840900052,0.0,0.0,0.0
174.19659020900144,0.0,0.0,0.0
174.21114600700093,0.0,0.0,0.0
174.216019806001,0.0,0.0,0.0
174.21640380600002,0.0,0.0,0.0
174.23102860400104,0.0,0.0,0.0
174.2363056030008,0.0,0.0,0.0
174.2369342029997,0.0,0.0,0.0
174.2511326010008,0.0,0.0,0.0
174.25594910099971,0.0,0.0,0.0
174.2563098999999,0.0,0.0,0.0
174.27115659800074,0.0,0.0,0.0
174.2756936980004,0.0,0.0,0.0
174.27605749800023,0.0,0.0,0.0
174.29054029600047,0.0,0.0,0.0
174.29553509499965,0.0,0.0,0.0
174.29586479499994,0.0,0.0,0.0
174.31093259299996,0.0,0.0,0.0
174.31592329200066,0.0,0.0,0.0
174.31623369200133,0.0,0.0,0.0
174.33126519000143,0.0,0.0,0.0
174.33612969000023,0.0,0.0,0.0
174.33661389000008,0.0,0.0,0.0
174.35124668800017,0.0,0.0,0.0
174.35640928700013,0.0,0.0,0.0
174.3567325870008,0.0,0.0,0.0
174.37175758500052,0.0,0.0,0.0
174.37655748399993,0.0,0.0,0.0
174.3771491839998,0.0,0.0,0.0
174.39196918200105,0.0,0.0,0.0
174.3969248810008,0.0,0.0,0.0
174.3973788809999,0.0,0.0,0.0
174.41187967900078,0.0,0.0,0.0
174.41818647800028,0.0,0.0,0.0
174.41933807799978,0.0,0.0,0.0
174.43356637600118,0.0,0.0,0.0
174.4389568759998,0.0,0.0,0.0
174.4393269760003,0.0,0.0,0.0
174.4545739740006,0.0,0.0,0.0
174.45978027300043,0.0,0.0,0.0
174.4603818730011,0.0,0.0,0.0
174.47511887099972,0.0,0.0,0.0
174.4795906700001,0.0,0.0,0.0
174.47988967000128,0.0,0.0,0.0
174.49469796800076,0.0,0.0,0.0
174.49956006700086,0.0,0.0,0.0
174.49985276700136,0.0,0.0,0.0
174.51505506500143,0.0,0.0,0.0
174.5200682650011,0.0,0.0,0.0
174.52053696500116,0.0,0.0,0.0
174.53518126299969,0.0,0.0,0.0
174.5399906620005,0.0,0.0,0.0
174.54032126200036,0.0,0.0,0.0
174.55484296000031,0.0,0.0,0.0
174.5599934590009,0.0,0.0,0.0
174.56063615899984,0.0,0.0,0.0
174.57724035700085,0.0,0.0,0.0
174.58236245599983,0.0,0.0,0.0
174.58273385600114,0.0,0.0,0.0
174.59722745399995,0.0,0.0,0.0
174.60237915300058,0.0,0.0,0.0
174.60274375300105,0.0,0.0,0.0
174.61730215100033,0.0,0.0,0.0
174.6223876510012,0.0,0.0,0.0
174.62272295100047,0.0,0.0,0.0
174.6370556490001,0.0,0.0,0.0
174.64195704800113,0.0,0.0,0.0
174.64224614799969,0.0,0.0,0.0
174.6566909459998,0.0,0.0,0.0
174.66175164500055,0.0,0.0,0.0
174.6620504450002,0.0,0.0,0.0
174.6773535430002,0.0,0.0,0.0
174.68208834300094,0.0,0.0,0.0
174.68238554300115,0.0,0.0,0.0
174.6970087410009,0.0,0.0,0.0
174.70223884000006,0.0,0.0,0.0
174.70281394000085,0.0,0.0,0.0
174.71682813799998,0.0,0.0,0.0
174.7219035369999,0.0,0.0,0.0
174.72223573700103,0.0,0.0,0.0
174.73686173500028,0.0,0.0,0.0
174.7415946350011,0.0,0.0,0.0
174.74194343400086,0.0,0.0,0.0
174.75671953200072,0.0,0.0,0.0
174.76161923200016,0.0,0.0,0.0
174.76207973200144,0.0,0.0,0.0
174.77757632999965,0.0,0.0,0.0
174.78237222900134,0.0,0.0,0.0
174.78269892900062,0.0,0.0,0.0
174.79824502700103,0.0,0.0,0.0
174.803328426,0.0,0.0,0.0
174.8036534260009,0.0,0.0,0.0
174.8191640240002,0.0,0.0,0.0
174.82378512300056,0.0,0.0,0.0
174.82407502299975,0.0,0.0,0.0
174.8384737209999,0.0,0.0,0.0
174.84457642100097,0.0,0.0,0.0
174.84504672000003,0.0,0.0,0.0
174.85894401900077,0.0,0.0,0.0
174.86385491800138,0.0,0.0,0.0
174.86435791800068,0.0,0.0,0.0
174.8791803160002,0.0,0.0,0.0
174.8839069149999,0.0,0.0,0.0
174.88401051500114,0.0,0.0,0.0
174.89869011300107,0.0,0.0,0.0
174.90365841200037,0.0,0.0,0.0
174.9041579120003,0.0,0.0,0.0
174.91872721000072,0.0,0.0,0.0
174.92346721000104,0.0,0.0,0.0
174.92378181000095,0.0,0.0,0.0
174.93843590800134,0.0,0.0,0.0
174.943598707001,0.0,0.0,0.0
174.94399110700033,0.0,0.0,0.0
174.95860670500042,0.0,0.0,0.0
174.96347020400026,0.0,0.0,0.0
174.9637710040006,0.0,0.0,0.0
174.97871700200085,0.0,0.0,0.0
174.98335640200094,0.0,0.0,0.0
174.98370580200026,0.0,0.0,0.0
174.998138500001,0.0,0.0,0.0
175.0033588990009,0.0,0.0,0.0
175.0038951990009,0.0,0.0,0.0
175.01949259700086,0.0,0.0,0.0
175.0231173960001,0.0,0.0,0.0
175.02345859600064,0.0,0.0,0.0
175.03814959400006,0.0,0.0,0.0
175.0431774940007,0.0,0.0,0.0
175.043620593,0.0,0.0,0.0
175.05850079100128,0.0,0.0,0.0
175.06350759100133,0.0,0.0,0.0
175.06384479100052,0.0,0.0,0.0
175.07873668899992,0.0,0.0,0.0
175.08312908800144,0.0,0.0,0.0
175.08343318800144,0.0,0.0,0.0
175.0980526860003,0.0,0.0,0.0
175.10307968500092,0.0,0.0,0.0
175.1034379850007,0.0,0.0,0.0
175.11874288299987,0.0,0.0,0.0
175.12354828299976,0.0,0.0,0.0
175.12399538300087,0.0,0.0,0.0
175.13871488100085,0.0,0.0,0.0
175.14382698000009,0.0,0.0,0.0
175.1441295800014,0.0,0.0,0.0
175.1585343780007,0.0,0.0,0.0
175.16350327700093,0.0,0.0,0.0
175.16382277699995,0.0,0.0,0.0
175.17881627499992,0.0,0.0,0.0
175.18335607399968,0.0,0.0,0.0
175.18364237400056,0.0,0.0,0.0
175.1982111720008,0.0,0.0,0.0
175.2033724720004,0.0,0.0,0.0
175.20373367200045,0.0,0.0,0.0
175.2184409700003,0.0,0.0,0.0
175.22310336900046,0.0,0.0,0.0
175.2233892690001,0.0,0.0,0.0
175.23817636700005,0.0,0.0,0.0
175.2434342659999,0.0,0.0,0.0
175.24387016600122,0.0,0.0,0.0
175.25822196400077,0.0,0.0,0.0
175.26328766400002,0.0,0.0,0.0
175.26376296400122,0.0,0.0,0.0
175.27883786100028,0.0,0.0,0.0
175.2832561610012,0.0,0.0,0.0
175.28355536100025,0.0,0.0,0.0
175.29818745900047,0.0,0.0,0.0
175.3033264580008,0.0,0.0,0.0
175.3037419580014,0.0,0.0,0.0
175.31839485599994,0.0,0.0,0.0
175.3232331550007,0.0,0.0,0.0
175.32354275500074,0.0,0.0,0.0
175.33852755299995,0.0,0.0,0.0
175.3436012530001,0.0,0.0,0.0
175.34393225300119,0.0,0.0,0.0
175.35954675100038,0.0,0.0,0.0
175.36421795000024,0.0,0.0,0.0
175.36453215000074,0.0,0.0,0.0
175.3794411480012,0.0,0.0,0.0
175.38399584699982,0.0,0.0,0.0
175.38442994700017,0.0,0.0,0.0
175.39884054499998,0.0,0.0,0.0
175.404015944001,0.0,0.0,0.0
175.40431244400133,0.0,0.0,0.0
175.4191128420007,0.0,0.0,0.0
175.42389694200028,0.0,0.0,0.0
175.42419254200104,0.0,0.0,0.0
175.43957554000008,0.0,0.0,0.0
175.44497123899964,0.0,0.0,0.0
175.44530953899994,0.0,0.0,0.0
175.46117333700022,0.0,0.0,0.0
175.46635323600094,0.0,0.0,0.0
175.46665863599992,0.0,0.0,0.0
175.48245993400087,0.0,0.0,0.0
175.48700583299978,0.0,0.0,0.0
175.48732073300016,0.0,0.0,0.0
175.50214553099977,0.0,0.0,0.0
175.50684573000035,0.0,0.0,0.0
175.50737713000126,0.0,0.0,0.0
175.52231672800008,0.0,0.0,0.0
175.5272109280013,0.0,0.0,0.0
175.5277399280003,0.0,0.0,0.0
175.54157612600102,0.0,0.0,0.0
175.54646592500103,0.0,0.0,0.0
175.5467649250004,0.0,0.0,0.0
175.56155222300004,0.0,0.0,0.0
175.56655452199993,0.0,0.0,0.0
175.5668565220003,0.0,0.0,0.0
175.58187372000066,0.0,0.0,0.0
175.58818551900004,0.0,0.0,0.0
175.58884421900075,0.0,0.0,0.0
175.60501421700064,0.0,0.0,0.0
175.61018251600035,0.0,0.0,0.0
175.61048511599984,0.0,0.0,0.0
175.62547981399985,0.0,0.0,0.0
175.63068141400072,0.0,0.0,0.0
175.6311870139998,0.0,0.0,0.0
175.6457142119998,0.0,0.0,0.0
175.65065281100033,0.0,0.0,0.0
175.65114521100077,0.0,0.0,0.0
175.66528660900076,0.0,0.0,0.0
175.67030380800134,0.0,0.0,0.0
175.6705959080009,0.0,0.0,0.0
175.6859141060013,0.0,0.0,0.0
175.69046080600128,0.0,0.0,0.0
175.69074250599988,0.0,0.0,0.0
175.7051968040014,0.0,0.0,0.0
175.71014820300115,0.0,0.0,0.0
175.71060370300074,0.0,0.0,0.0
175.7254585010014,0.0,0.0,0.0
175.7305174000012,0.0,0.0,0.0
175.7308277000011,0.0,0.0,0.0
175.746030798,0.0,0.0,0.0
175.7509461970003,0.0,0.0,0.0
175.75153099700037,0.0,0.0,0.0
175.76541949500097,0.0,0.0,0.0
175.7703811950014,0.0,0.0,0.0
175.77070419499978,0.0,0.0,0.0
175.7862801930005,0.0,0.0,0.0
175.7911766920006,0.0,0.0,0.0
175.79167809200044,0.0,0.0,0.0
175.80636159000096,0.0,0.0,0.0
175.81134758900043,0.0,0.0,0.0
175.8116605890009,0.0,0.0,0.0
175.8266969870001,0.0,0.0,0.0
175.83157688600113,0.0,0.0,0.0
175.83185558600053,0.0,0.0,0.0
175.84652338399974,0.0,0.0,0.0
175.85166398399997,0.0,0.0,0.0
175.85206728400044,0.0,0.0,0.0
175.86611858200013,0.0,0.0,0.0
175.87120508100088,0.0,0.0,0.0
175.87164858100004,0.0,0.0,0.0
175.8865943790006,0.0,0.0,0.0
175.89120067800104,0.0,0.0,0.0
175.89153577800062,0.0,0.0,0.0
175.90591877600127,0.0,0.0,0.0
175.91118507600004,0.0,0.0,0.0
175.9117487750009,0.0,0.0,0.0
175.92605017400092,0.0,0.0,0.0
175.9312451730002,0.0,0.0,0.0
175.93171807300132,0.0,0.0,0.0
175.94620687099996,0.0,0.0,0.0
175.9515071700007,0.0,0.0,0.0
175.95186656999977,0.0,0.0,0.0
175.966576068,0.0,0.0,0.0
175.9715899670009,0.0,0.0,0.0
175.9718869670014,0.0,0.0,0.0
175.98692486500113,0.0,0.0,0.0
175.99141756500103,0.0,0.0,0.0
175.99186006499986,0.0,0.0,0.0
176.00643046300138,0.0,0.0,0.0
176.0115823619999,0.0,0.0,0.0
176.01204426200093,0.0,0.0,0.0
176.02664026000093,0.0,0.0,0.0
176.03136725900004,0.0,0.0,0.0
176.03168555900083,0.0,0.0,0.0
176.04625255700012,0.0,0.0,0.0
176.05123455600005,0.0,0.0,0.0
176.05179255599978,0.0,0.0,0.0
200.84268728500138,0.0,0.0,0.0
200.84483928400005,0.0,0.0,0.0
200.84503708400007,0.0,0.0,0.0
200.8499103840004,0.0,0.0,0.0
200.85187238300023,0.0,0.0,0.0
200.85234348300037,0.0,0.0,0.0
200.85668998300025,0.0,0.0,0.0
200.85840608299986,0.0,0.0,0.0
200.85870328300007,0.0,0.0,0.0
200.86364098200102,0.0,0.0,0.0
200.86570728200059,0.0,0.0,0.0
200.86581168200064,0.0,0.0,0.0
200.87047608099965,0.0,0.0,0.0
200.8722755810013,0.0,0.0,0.0
200.87275648099967,0.0,0.0,0.0
200.87663478000104,0.0,0.0,0.0
200.88006838,0.0,0.0,0.0
200.88039268000102,0.0,0.0,0.0
200.88674077900032,0.0,0.0,0.0
200.88931527800014,0.0,0.0,0.0
200.8897880780005,0.0,0.0,0.0
